person_id,name,linkedin_url,title,reviewed_at,evidence_url,text
kaz-c83291856fc0,Tamirlan Seidakhmetov,https://www.linkedin.com/in/tamirlan,Tamir Seidakhmet,2026-08-11T00:00:00+06:00,https://www.linkedin.com/in/tamirlan,"# Tamir Seidakhmet

San Francisco Bay Area (US)

## Experience

### Data Scientist - Meta (Current)

## Education

### Master of Science - MS, Management Science and Engineering at Stanford University

2015 - 2016

### Bachelor of Science - BS, Chemical Engineering at Nazarbayev University

2011 - 2015

## Honors

### Silver Medal - International Physics Olympiad

Jul 2010"
kaz-8d648f29d1e0,Yuriy Ten,https://www.linkedin.com/in/yuriy-ten-169535355,Yuriy Ten,2026-08-11T00:00:00+06:00,https://www.linkedin.com/in/yuriy-ten-169535355,"# Yuriy Ten

Ames, Iowa, United States (US)

## About

Mechanical engineering student at Iowa State University.

## Experience

### Verigram

Almaty, Kazakhstan

## Education

### Bachelor of Science - BS, Mechanical Engineering at Iowa State University

2022 - Present in Ames, Iowa, United States"
