person_id,canonical_name,aliases,olympiads,years,first_year,last_year,estimated_birth_year_min,estimated_birth_year_max,awards,participant_rows,research_scope,source_urls
kaz-674cd62ab22c,Aibatyr Zhumagulov,Aibatyr Zhumagulov,IMO,1992;1993,1992,1993,1973,1977,Bronze medal,2,career,https://www.imo-official.org/results/individual/country/KAZ/
kaz-8282f3ec5f44,Almas Rymov,Almas Rymov,IMO,1992,1992,1992,1973,1977,Bronze medal,1,career,https://www.imo-official.org/results/individual/country/KAZ/
kaz-e4459aeba14c,Azamat Sarsembaev,Azamat Sarsembaev,IMO,1992,1992,1992,1973,1977,Bronze medal,1,career,https://www.imo-official.org/results/individual/country/KAZ/
kaz-fae1a82e7a9a,Gani Nazirov,Gani Nazirov,IMO,1992;1993,1992,1993,1973,1977,Bronze medal,2,career,https://www.imo-official.org/results/individual/country/KAZ/
kaz-8deb08a4e5fd,Yevgeni Poroshenko,Yevgeni Poroshenko,IMO,1992,1992,1992,1973,1977,Honourable mention,1,career,https://www.imo-official.org/results/individual/country/KAZ/
kaz-49f853356dc6,Yevgeni Yakovlev,Yevgeni Yakovlev,IMO,1992,1992,1992,1973,1977,Bronze medal,1,career,https://www.imo-official.org/results/individual/country/KAZ/
kaz-094a17bb49f6,Alexander Averjanov,Alexander Averjanov,IMO,1993,1993,1993,1974,1978,Silver medal,1,career,https://www.imo-official.org/results/individual/country/KAZ/
kaz-1d6bad0a9a90,Daulet Turetayev,Daulet Turetaev;Daulet Turetayev,IMO,1993,1993,1993,1974,1978,,1,career,https://www.imo-official.org/results/individual/country/KAZ/
kaz-78ad0418eb0b,Roman Kriven,Roman Kriven,IMO,1993,1993,1993,1974,1978,,1,career,https://www.imo-official.org/results/individual/country/KAZ/
kaz-dc581aaabaee,Zharas Bajdelʻdinov,Zharas Bajdelʻdinov,IMO,1993,1993,1993,1974,1978,Bronze medal,1,career,https://www.imo-official.org/results/individual/country/KAZ/
kaz-2be498890319,Bakitkan Bahautdinov,Bakhytjan Bakhaotdinov;Bakitkan Bahautdinov,IBO,1994;1995,1994,1995,1975,1979,,2,career,https://www.ibo-info.org/files/downloads/results-reports/results/IBO1994.pdf;https://www.ibo-info.org/files/downloads/results-reports/results/IBO1995.pdf
kaz-1e83de167408,Ekrem Mahmudov,Akram Mahmudov;Ekrem Mahmudov,IBO,1994;1995,1994,1995,1975,1979,,2,career,https://www.ibo-info.org/files/downloads/results-reports/results/IBO1994.pdf;https://www.ibo-info.org/files/downloads/results-reports/results/IBO1995.pdf
kaz-dbcaf30d53de,Nurbol Sihimbayev,Nourbol Silliedev;Nurbol Sihimbayev,IBO,1994;1995;1996,1994,1996,1975,1979,Bronze;Gold,3,career,https://www.ibo-info.org/files/downloads/results-reports/results/IBO1994.pdf;https://www.ibo-info.org/files/downloads/results-reports/results/IBO1995.pdf;https://www.ibo-info.org/files/downloads/results-reports/results/IBO1996.pdf
kaz-09d9fdb93af5,Saken Serhanov,Saken Serhanov;Saken Sherhandy;Saken Sherhanov,IBO,1994;1995;1996,1994,1996,1975,1979,Bronze;Gold,3,career,https://www.ibo-info.org/files/downloads/results-reports/results/IBO1994.pdf;https://www.ibo-info.org/files/downloads/results-reports/results/IBO1995.pdf;https://www.ibo-info.org/files/downloads/results-reports/results/IBO1996.pdf
kaz-2dda7e7144cb,Almaz Kungozhin,Almaz Kungozhin,IMO,1995,1995,1995,1976,1980,Honourable mention,1,career,https://www.imo-official.org/results/individual/country/KAZ/
kaz-76ccb7b42a10,Dauren Karabaev,Dauren Karabaev,IMO,1995,1995,1995,1976,1980,,1,career,https://www.imo-official.org/results/individual/country/KAZ/
kaz-39523361f70b,Eldos Samalov,Eldos Samalov,IMO,1995,1995,1995,1976,1980,,1,career,https://www.imo-official.org/results/individual/country/KAZ/
kaz-8c9c1b2b81a6,Mikhail Okhin,Mikhail Okhin,IMO,1995,1995,1995,1976,1980,Honourable mention,1,career,https://www.imo-official.org/results/individual/country/KAZ/
kaz-b788eb650e7a,Nurgali Arystanov,Nurgali Arystanov,IMO,1995,1995,1995,1976,1980,Honourable mention,1,career,https://www.imo-official.org/results/individual/country/KAZ/
kaz-b22287fe1ff1,Zhaidarzhan Zataev,Zhaidarzhan Zataev,IMO,1995,1995,1995,1976,1980,,1,career,https://www.imo-official.org/results/individual/country/KAZ/
kaz-6c47e89eeff1,Alexander Zaitsev,Alexander Zaitsev,IMO,1996,1996,1996,1977,1981,,1,career,https://www.imo-official.org/results/individual/country/KAZ/
kaz-5f05301e71f7,Arnur Tokhtabayev,Arnur Tokhtabaev;Arnur Tokhtabayev;Arnur Toktabayev,IMO,1996,1996,1996,1977,1981,,1,career,https://www.imo-official.org/results/individual/country/KAZ/
kaz-8fe9da4c845a,Azamat Abilkhanov,Azamat Abilkhanov,IBO,1996,1996,1996,1977,1981,Bronze,1,career,https://www.ibo-info.org/files/downloads/results-reports/results/IBO1996.pdf
kaz-6baf22bf0570,Dimitry Dzyabayev,Dimitry Dzyabayev,IMO,1996,1996,1996,1977,1981,,1,career,https://www.imo-official.org/results/individual/country/KAZ/
kaz-7720cc1cbeae,Erke Nurkenov,Erke Nurkenov,IMO,1996,1996,1996,1977,1981,,1,career,https://www.imo-official.org/results/individual/country/KAZ/
kaz-55cdb586d884,Nurzhan Kadzhiakbarov,Nurzhan Kadzhiakbarov;Nurzhan Kajikabarov,IMO,1996,1996,1996,1977,1981,,1,career,https://www.imo-official.org/results/individual/country/KAZ/
kaz-a2011ec03297,Renat Bekbolatov,Renat Bekbolatov,IMO,1996;1997;1998,1996,1998,1977,1981,Bronze medal;Honourable mention,3,career,https://www.imo-official.org/results/individual/country/KAZ/
kaz-438a79d3a6d5,Abzal Daribaev,Abzal Daribaev,IBO,1997;1998,1997,1998,1978,1982,Bronze,2,career,https://www.ibo-info.org/files/downloads/results-reports/results/IBO1997.pdf;https://www.ibo-info.org/files/downloads/results-reports/results/IBO1998.pdf
kaz-9bcf8f03ca96,Andrey Jigalov,Andrey Jigalov,IBO,1997;1998,1997,1998,1978,1982,Bronze,2,career,https://www.ibo-info.org/files/downloads/results-reports/results/IBO1997.pdf;https://www.ibo-info.org/files/downloads/results-reports/results/IBO1998.pdf
kaz-a5c7de0d34ee,Anuar Bitanof,Anuar Bitanof,IPhO,1997,1997,1997,1978,1982,Honourable Mention,1,career,https://ipho-unofficial.org/countries/KAZ/individual
kaz-952a451859f7,Guljanar Kalmaganbetova,Guljanar Kalmaganbetova,IBO,1997,1997,1997,1978,1982,,1,career,https://www.ibo-info.org/files/downloads/results-reports/results/IBO1997.pdf
kaz-91962e6612b3,Iskander Karibzhanov,Iskander Karibzhanov,IMO,1997,1997,1997,1978,1982,Honourable mention,1,career,https://www.imo-official.org/results/individual/country/KAZ/
kaz-be34a221eedd,Mikhail Shakhmatov,Mikhail Shakhmatov,IMO,1997;1998,1997,1998,1978,1982,Bronze medal,2,career,https://www.imo-official.org/results/individual/country/KAZ/
kaz-8c7f0b059859,Mirat Sadikov,Mirat Sadikov,IBO,1997;1998,1997,1998,1978,1982,Bronze,2,career,https://www.ibo-info.org/files/downloads/results-reports/results/IBO1997.pdf;https://www.ibo-info.org/files/downloads/results-reports/results/IBO1998.pdf
kaz-b596c2a8a5f9,Rassul Karabalin,Rassul Karabalin,IPhO,1997;1998,1997,1998,1978,1982,Bronze Medal;Honourable Mention,2,career,https://ipho-unofficial.org/countries/KAZ/individual
kaz-68b763708761,Talap Akashev,Talap Akashev,IMO,1997;1998,1997,1998,1978,1982,Honourable mention,2,career,https://www.imo-official.org/results/individual/country/KAZ/
kaz-09e9190640e1,Vitaliy Tsvayer,Vitaliy Tsvayer,IMO,1997,1997,1997,1978,1982,,1,career,https://www.imo-official.org/results/individual/country/KAZ/
kaz-514026a01ba3,Yerlan Jumabayev,Yerlan Jumabayev;Жумабаев Ерлан,IMO,1997,1997,1997,1978,1982,Honourable mention,1,career,https://www.imo-official.org/results/individual/country/KAZ/
kaz-c81d0e9f9556,Adil Zhugralin,Adil Zhugralin,IChO,1998;1999;2000,1998,2000,1979,1983,Bronze medal;Participant;Silver medal,3,career,https://www.icho-official.org/results/country_info.php?country=Kazakhstan
kaz-51f03f3fb603,Almas Sakhauyev,Almas Sakhauyev;Almas Sakhavyev;Сахауев Алмас,IMO,1998,1998,1998,1979,1983,Honourable mention,1,career,https://www.imo-official.org/results/individual/country/KAZ/
kaz-590493685dc4,Arman Prashev,Arman Prashev,IOI,1998;1999;2000,1998,2000,1979,1983,Bronze,3,career,https://stats.ioinformatics.org/results/KAZ
kaz-7774ad796e6c,Askerbek Zhaxylykov,Askerbek Zhaksylykov;Askerbek Zhaxylykov,IChO,1998,1998,1998,1979,1983,Bronze medal,1,career,https://www.icho-official.org/results/country_info.php?country=Kazakhstan
kaz-d6415e08acc5,Beket Zhapbasbay,Beket Zhapbasbay,IOI,1998,1998,1998,1979,1983,,1,career,https://stats.ioinformatics.org/results/KAZ
kaz-679b5f1e598a,Bulat Biizhanov,Bulat Biizhanov,IChO,1998,1998,1998,1979,1983,Participant,1,career,https://www.icho-official.org/results/country_info.php?country=Kazakhstan
kaz-9f8b5c60daf2,Kairat Akhmetov,Kairat Akhmetov,IPhO,1998;1999,1998,1999,1979,1983,Bronze Medal;Honourable Mention,2,career,https://ipho-unofficial.org/countries/KAZ/individual
kaz-b41761cae333,Kirill Panov,Kirill Panov,IMO,1998,1998,1998,1979,1983,,1,career,https://www.imo-official.org/results/individual/country/KAZ/
kaz-3dd740673c5d,Maxat Aipanov,Maxat Aipanov,IOI,1998,1998,1998,1979,1983,,1,career,https://stats.ioinformatics.org/results/KAZ
kaz-253b9dc2b33d,Nurlan Algashev,Nurlan Algashev,IBO,1998;1999,1998,1999,1979,1983,,2,career,https://www.ibo-info.org/files/downloads/results-reports/results/IBO1998.pdf;https://www.ibo-info.org/files/downloads/results-reports/results/IBO1999.pdf
kaz-f2b0c2f36f45,Nurzhan Ustemirov,Nurzhan Ustemirov,IChO,1998,1998,1998,1979,1983,Participant,1,career,https://www.icho-official.org/results/country_info.php?country=Kazakhstan
kaz-07b1a7ba2159,Renat Shaimardanov,Renat Shaimardanov,IOI,1998,1998,1998,1979,1983,,1,career,https://stats.ioinformatics.org/results/KAZ
kaz-c41cd38943e8,Rustam Timirbekov,Rustam Timirbekov,IMO,1998;1999,1998,1999,1979,1983,Bronze medal;Honourable mention,2,career,https://www.imo-official.org/results/individual/country/KAZ/
kaz-c898d5674745,Adil Baiguzhin,Adil Baiguzhin,IChO,1999,1999,1999,1980,1984,Participant,1,career,https://www.icho-official.org/results/country_info.php?country=Kazakhstan
kaz-69e7f14df70f,Alexey Doktorovich,Alexey Doctorovich;Alexey Doktorovich,IMO,1999,1999,1999,1980,1984,Bronze medal,1,career,https://www.imo-official.org/results/individual/country/KAZ/
kaz-abe907ea7b16,Alibek Aldangarov,Alibek Aldangarov,IMO,1999;2000;2001,1999,2001,1980,1984,Gold medal;Honourable mention,3,career,https://www.imo-official.org/results/individual/country/KAZ/
kaz-f9ab6cbeaa06,Andrey Sapronov,Andrey Sapronov,IPhO,1999,1999,1999,1980,1984,Silver Medal,1,career,https://ipho-unofficial.org/countries/KAZ/individual
kaz-326e69980428,Anton Nesveldin,Anton Nesveldin,IBO,1999;2000,1999,2000,1980,1984,Bronze,2,career,https://www.ibo-info.org/files/downloads/results-reports/results/IBO1999.pdf;https://www.ibo-info.org/files/downloads/results-reports/results/IBO2000.pdf
kaz-bb641e236bb0,Danil Kravtsov,Danil Kravtsov,IOI,1999;2000,1999,2000,1980,1984,,2,career,https://stats.ioinformatics.org/results/KAZ
kaz-1d49feff22fe,Dmitriy Gorbachev,Dmitriy Gorbachev,IOI,1999,1999,1999,1980,1984,,1,career,https://stats.ioinformatics.org/results/KAZ
kaz-f29c25aa7066,Kirill Mayerle,Kirill Mayerle,IChO,1999,1999,1999,1980,1984,Bronze medal,1,career,https://www.icho-official.org/results/country_info.php?country=Kazakhstan
kaz-573a15d54faa,Kuanysh Yergalivey,Kuanysh Yergalivey;Kuanysh Yergaliyev,IBO,1999;2000,1999,2000,1980,1984,Bronze,2,career,https://www.ibo-info.org/files/downloads/results-reports/results/IBO1999.pdf;https://www.ibo-info.org/files/downloads/results-reports/results/IBO2000.pdf
kaz-0647e630efc7,Nurbol Kisembaev,Nurbol Kisembaev,IBO,1999,1999,1999,1980,1984,Bronze,1,career,https://www.ibo-info.org/files/downloads/results-reports/results/IBO1999.pdf
kaz-64365e0c312d,Nurzhan Nagashbekov,Nurzhan Nagashbekov,IChO,1999,1999,1999,1980,1984,Participant,1,career,https://www.icho-official.org/results/country_info.php?country=Kazakhstan
kaz-0606abc1583b,Shirali Kadyrov,Shirali Kadyrov,IMO,1999,1999,1999,1980,1984,Bronze medal,1,career,https://www.imo-official.org/results/individual/country/KAZ/
kaz-f3c66de0174f,Ulan Mukashev,Ulan Mukashev,IMO,1999;2000,1999,2000,1980,1984,Bronze medal;Honourable mention,2,career,https://www.imo-official.org/results/individual/country/KAZ/
kaz-21cc95b51c33,Yaroslav Alexandrov,Yaroslav Alexandrov,IPhO,1999,1999,1999,1980,1984,Honourable Mention,1,career,https://ipho-unofficial.org/countries/KAZ/individual
kaz-ccdb407317c8,Yerkebulan Tulibergenov,Yerkebulan Tulibergenov,IOI,1999,1999,1999,1980,1984,,1,career,https://stats.ioinformatics.org/results/KAZ
kaz-fc8646c120d2,Zhandos Yessenbayev,Zhandos Yessenbayev,IMO,1999;2000,1999,2000,1980,1984,Bronze medal,2,career,https://www.imo-official.org/results/individual/country/KAZ/
kaz-d7f55daeca5c,Zhanybek Alpichshev,Zhanybek Alpichshev,IPhO,1999,1999,1999,1980,1984,Bronze Medal,1,career,https://ipho-unofficial.org/countries/KAZ/individual
kaz-1c91927cfc70,Anuar Kaumbayev,Anuar Kaumbayev,IMO,2000,2000,2000,1981,1985,Bronze medal,1,career,https://www.imo-official.org/results/individual/country/KAZ/
kaz-1e390288b2cc,Danil Murtazin,Danil Murtazin;Даниил Муртазин;Данил Муртазин,IPhO,2000;2001,2000,2001,1981,1985,Gold Medal;Honourable Mention,2,career,https://ipho-unofficial.org/countries/KAZ/individual
kaz-afd3a80b5994,Igor Ganichev,Igor Ganichev,IMO,2000;2001;2002,2000,2002,1981,1985,Gold medal;Silver medal,3,career,https://www.imo-official.org/results/individual/country/KAZ/
kaz-d1a89ad778a3,Nurzhan Bakibayev,Nurzhan Bakibayev,IOI,2000;2001;2002,2000,2002,1981,1985,Bronze,3,career,https://stats.ioinformatics.org/results/KAZ
kaz-5da1ec7d4068,Rustem Takhanov,Rustem Takhanov,IMO,2000,2000,2000,1981,1985,Bronze medal,1,career,https://www.imo-official.org/results/individual/country/KAZ/
kaz-a9c48be9eff3,Semen Shkilevich,Semen Shkilevich,IOI,2000;2001,2000,2001,1981,1985,Bronze,2,career,https://stats.ioinformatics.org/results/KAZ
kaz-60a5906be728,Sergey Gussak,Sergey Gussak,IChO,2000,2000,2000,1981,1985,Bronze medal,1,career,https://www.icho-official.org/results/country_info.php?country=Kazakhstan
kaz-84154f378216,Yerbol Kurmangaliyev,Yerbol Kurmangaliyev,IBO,2000,2000,2000,1981,1985,Silver,1,career,https://www.ibo-info.org/files/downloads/results-reports/results/IBO2000.pdf
kaz-cae8a8caf16a,Yerokhin Maxim,Yerokhin Maxim,IBO,2000;2001,2000,2001,1981,1985,Bronze,2,career,https://www.ibo-info.org/files/downloads/results-reports/results/IBO2000.pdf;https://www.ibo-info.org/files/downloads/results-reports/results/IBO2001.pdf
kaz-197ec90e92c1,Yuriy Kudryavtsev,Yuriy Kudryavtsev,IChO,2000,2000,2000,1981,1985,Participant,1,career,https://www.icho-official.org/results/country_info.php?country=Kazakhstan
kaz-36fb8d2c335b,Zeinul-Gabiden Kazhkenov,Zeinul-Gabiden Kazhkenov,IChO,2000;2001,2000,2001,1981,1985,Bronze medal;Participant,2,career,https://www.icho-official.org/results/country_info.php?country=Kazakhstan
kaz-f0c3ebfd6e9a,Aman Zhumekeshov,Aman Zhumekeshov,IMO,2001;2002,2001,2002,1982,1986,Bronze medal;Gold medal,2,career,https://www.imo-official.org/results/individual/country/KAZ/
kaz-c9401ed42eb0,Anuar Nurtazin,Anuar Nurtazin,IChO,2001;2002;2003,2001,2003,1982,1986,Participant;Silver medal,3,career,https://www.icho-official.org/results/country_info.php?country=Kazakhstan
kaz-5e6bd77516c5,Askarbek Zadauly,Askarbek Zadauly,IOI,2001,2001,2001,1982,1986,,1,career,https://stats.ioinformatics.org/results/KAZ
kaz-fae12779c8ad,Baurzhan Bektemirov,Baurzhan Bektemirov,IMO,2001;2002;2003,2001,2003,1982,1986,Gold medal;Silver medal,3,career,https://www.imo-official.org/results/individual/country/KAZ/
kaz-6fa4b627983f,Bekakhmetov Gabit,Bekakhmetov Gabit,IBO,2001;2002,2001,2002,1982,1986,Silver,2,career,https://www.ibo-info.org/files/downloads/results-reports/results/IBO2001.pdf;https://www.ibo-info.org/files/downloads/results-reports/results/IBO2002.pdf
kaz-f4f08ec984b8,Berezhnoy Nikolay,Berezhnoi Nikolay;Berezhnoy Nikolay,IBO,2001;2002,2001,2002,1982,1986,Bronze,2,career,https://www.ibo-info.org/files/downloads/results-reports/results/IBO2001.pdf;https://www.ibo-info.org/files/downloads/results-reports/results/IBO2002.pdf
kaz-9bc854d0232a,Denis Atrashenko,Denis Atrashenko,IPhO,2001,2001,2001,1982,1986,Honourable Mention,1,career,https://ipho-unofficial.org/countries/KAZ/individual
kaz-58dea61d1101,Denis Ivanov,Denis Ivanov,IOI,2001,2001,2001,1982,1986,,1,career,https://stats.ioinformatics.org/results/KAZ
kaz-8b03ffcc0625,Kambarov Yerkebulan,Kambarov Yerkebulan,IBO,2001;2002,2001,2002,1982,1986,Bronze,2,career,https://www.ibo-info.org/files/downloads/results-reports/results/IBO2001.pdf;https://www.ibo-info.org/files/downloads/results-reports/results/IBO2002.pdf
kaz-00408ca19291,Rashid Amirov,Rashid Amirov,IChO,2001,2001,2001,1982,1986,Honorable mention,1,career,https://www.icho-official.org/results/country_info.php?country=Kazakhstan
kaz-0f9baaef8ac0,Sergey Umentayev,Sergey Umentayev,IMO,2001,2001,2001,1982,1986,Silver medal,1,career,https://www.imo-official.org/results/individual/country/KAZ/
kaz-ff5c7ff39c9d,Taskyn Shokanbay,Taskyn Shokanbay,IChO,2001,2001,2001,1982,1986,Bronze medal,1,career,https://www.icho-official.org/results/country_info.php?country=Kazakhstan
kaz-d1fb5b8f648d,Ulan Usserkulov,Ulan Usserkulov,IMO,2001,2001,2001,1982,1986,Honourable mention,1,career,https://www.imo-official.org/results/individual/country/KAZ/
kaz-2c50f8bc247c,Viatcheslav Muravev,Viacheslav Muravev;Viatcheslav Muravev;Вячеслав Муравьев,IPhO,2001,2001,2001,1982,1986,Silver Medal,1,career,https://ipho-unofficial.org/countries/KAZ/individual
kaz-bb70c982f38a,Aituov Baurzhan,Aituov Baurzhan,IBO,2002,2002,2002,1983,1987,,1,career,https://www.ibo-info.org/files/downloads/results-reports/results/IBO2002.pdf
kaz-49e795089f9c,Anton Nikolayev,Anton Nikolayev,IOI,2002;2003,2002,2003,1983,1987,Bronze,2,career,https://stats.ioinformatics.org/results/KAZ
kaz-fc88fa90b799,Aset Iskakov,Aset Iskakov;Asset Iskakov,IChO,2002;2003,2002,2003,1983,1987,Silver medal,2,career,https://www.icho-official.org/results/country_info.php?country=Kazakhstan
kaz-6617107a61a9,Asylbek Nurgabdeshov,Asylbek Nurgabdeshov,IChO,2002,2002,2002,1983,1987,Honorable mention,1,career,https://www.icho-official.org/results/country_info.php?country=Kazakhstan
kaz-694369c06874,Baurzhan Urgunshbayev,Baurzhan Urgunshbayev;Urgunshbayev Baurzhan,IMO,2002;2003,2002,2003,1983,1987,Bronze medal;Silver medal,2,career,https://www.imo-official.org/results/individual/country/KAZ/
kaz-22487c0da1b1,Khairosh Yerzhan,Khairosh Yerzhan,IOI,2002,2002,2002,1983,1987,,1,career,https://stats.ioinformatics.org/results/KAZ
kaz-6a1491f166e0,Kuat Yessenov,Kuat Yessenov,IMO,2002;2003;2004,2002,2004,1983,1987,Gold medal;Silver medal,3,career,https://www.imo-official.org/results/individual/country/KAZ/
kaz-8b4bb46b3041,Meiram Murzabulatov,Meiram Murzabulatov,IMO,2002;2003,2002,2003,1983,1987,Bronze medal,2,career,https://www.imo-official.org/results/individual/country/KAZ/
kaz-7e2cf66f126f,Rafael Mavlyukeyev,Mavlyukeyev Rafael;Rafael Mavlyukeyev;Мавлюкеев Рафаэль Ринатович;Рафаэль Мавлюкеев,IPhO,2002,2002,2002,1983,1987,Bronze Medal,1,career,https://ipho-unofficial.org/countries/KAZ/individual
kaz-7907a5491483,Talgat Ismukhamedov,Talgat Ismukhamedov,IPhO,2002,2002,2002,1983,1987,Honourable Mention,1,career,https://ipho-unofficial.org/countries/KAZ/individual
kaz-26886bea5396,Yernur Rysmagambetov,Yernur Rysmagambetov,IPhO,2002;2003,2002,2003,1983,1987,Gold Medal;Silver Medal,2,career,https://ipho-unofficial.org/countries/KAZ/individual
kaz-209930256d24,Yerzhigit Tolebekov,Yerzhigit Tolebekov,IChO,2002,2002,2002,1983,1987,Honorable mention,1,career,https://www.icho-official.org/results/country_info.php?country=Kazakhstan
kaz-9b09f062bfeb,Zhanibek Datbayev,Zhanibek Datbayev,IOI,2002;2003;2004,2002,2004,1983,1987,Silver,3,career,https://stats.ioinformatics.org/results/KAZ
kaz-0f8fdc911846,Abil Zhanar,Abil Zhanar,IBO,2003,2003,2003,1984,1988,,1,career,https://www.ibo-info.org/files/downloads/results-reports/results/IBO2003.pdf
kaz-3e91bdc28e40,Alexey Dudnik,Alexey Dudnik;Dudnik Alexey,IBO,2003;2005,2003,2005,1984,1988,,2,career,https://www.ibo-info.org/files/downloads/results-reports/results/IBO2003.pdf;https://www.ibo-info.org/files/downloads/results-reports/results/IBO2005.pdf
kaz-4a00a35c3f4a,Andrey Bogdanchikov,Andrey Bogdanchikov,IOI,2003,2003,2003,1984,1988,,1,career,https://stats.ioinformatics.org/results/KAZ
kaz-bfdcf65f4a6e,Anton Vassilyev,Anton Vassilyev,IMO,2003,2003,2003,1984,1988,Honourable mention,1,career,https://www.imo-official.org/results/individual/country/KAZ/
kaz-3769a5a94566,Dauren Auzhani,Dauren Auzhani,IMO,2003,2003,2003,1984,1988,Bronze medal,1,career,https://www.imo-official.org/results/individual/country/KAZ/
kaz-7923131239ad,Demeu Shakhanov,Demeu Shakhanov;Shakhanov Demeu;Шаханов Демеу;Шаханов Демеу Темирбекович,IBO,2003,2003,2003,1984,1988,,1,career,https://www.ibo-info.org/files/downloads/results-reports/results/IBO2003.pdf
kaz-42f3a5145199,Denis Utkin,Denis Utkin,IPhO,2003;2004,2003,2004,1984,1988,Bronze Medal;Honourable Mention,2,career,https://ipho-unofficial.org/countries/KAZ/individual
kaz-3f389fc299cf,Dmitriy Dolzhnikov,Dmitriy Dolzhnikov,IChO,2003,2003,2003,1984,1988,Silver medal,1,career,https://www.icho-official.org/results/country_info.php?country=Kazakhstan
kaz-11782cb39ded,Kanat Tyutenov,Kanat Tyutenov,IChO,2003,2003,2003,1984,1988,Bronze medal,1,career,https://www.icho-official.org/results/country_info.php?country=Kazakhstan
kaz-45fb4c336c70,Leonid Kardapoltsev,Leoned Kardapoltsev;Leonid Kardapoltsev,IPhO,2003,2003,2003,1984,1988,Honourable Mention,1,career,https://ipho-unofficial.org/countries/KAZ/individual
kaz-be6c0520f71e,Maxim Shpilkin,Maxim Shpilkin,IPhO,2003,2003,2003,1984,1988,Honourable Mention,1,career,https://ipho-unofficial.org/countries/KAZ/individual
kaz-c444a5fa2a99,Shaninov Arman,Shaninov Arman,IBO,2003,2003,2003,1984,1988,,1,career,https://www.ibo-info.org/files/downloads/results-reports/results/IBO2003.pdf
kaz-c884dd65cdc8,Sultan Dalipov,Sultan Dalipov,IOI,2003,2003,2003,1984,1988,,1,career,https://stats.ioinformatics.org/results/KAZ
kaz-2457951c5496,Almaz Rakhmetov,Almaz Rakhmetov,IOI,2004,2004,2004,1985,1989,,1,career,https://stats.ioinformatics.org/results/KAZ
kaz-5b00b5124ff5,Andrey Kim,Andrey Kim,IMO,2004;2005;2006,2004,2006,1985,1989,Bronze medal;Gold medal;Silver medal,3,career,https://www.imo-official.org/results/individual/country/KAZ/
kaz-c11d384a01db,Azamat Ukpegaziyev,Azamat Ukpegaziyev,IMO,2004,2004,2004,1985,1989,,1,career,https://www.imo-official.org/results/individual/country/KAZ/
kaz-45c2d7c0bad6,Damir Yeliussizov,Damir Yeliusizov;Damir Yeliussizov,IMO,2004,2004,2004,1985,1989,Bronze medal,1,career,https://www.imo-official.org/results/individual/country/KAZ/
kaz-612c627fb60c,Daniyar Kelbetov,Daniyar Kelbetov,IMO,2004;2005,2004,2005,1985,1989,Bronze medal;Silver medal,2,career,https://www.imo-official.org/results/individual/country/KAZ/
kaz-663ad2adb08a,Daulet Askarov,Daulet Askarov,IPhO,2004;2005,2004,2005,1985,1989,Honourable Mention;Silver Medal,2,career,https://ipho-unofficial.org/countries/KAZ/individual
kaz-0d9cf667fe24,Nessipbek Mynbayev,Nessipbek Mynbayev,IPhO,2004,2004,2004,1985,1989,Honourable Mention,1,career,https://ipho-unofficial.org/countries/KAZ/individual
kaz-f9d3ca151739,Nurzhas Makishev,Nurzhas Makishev,IMO,2004,2004,2004,1985,1989,,1,career,https://www.imo-official.org/results/individual/country/KAZ/
kaz-eab69c3a4463,Ruslan Manakhayev,Ruslan Manakhayev,IPhO,2004,2004,2004,1985,1989,Bronze Medal,1,career,https://ipho-unofficial.org/countries/KAZ/individual
kaz-fc66298b9bbf,Salamat Nuraliyev,Salamat Nuraliyev,IOI,2004,2004,2004,1985,1989,Bronze,1,career,https://stats.ioinformatics.org/results/KAZ
kaz-40d2fa33ec3e,Syrymbet Iskakov,Syrymbet Iskakov,IOI,2004,2004,2004,1985,1989,Bronze,1,career,https://stats.ioinformatics.org/results/KAZ
kaz-d272c7de9446,Timur Zhiyentayev,Timur Zhiyentayev,IChO,2004,2004,2004,1985,1989,Silver medal,1,career,https://www.icho-official.org/results/country_info.php?country=Kazakhstan
kaz-1deffa0c0a86,Vadim Murzin,Vadim Murzin,IChO,2004,2004,2004,1985,1989,Silver medal,1,career,https://www.icho-official.org/results/country_info.php?country=Kazakhstan
kaz-ec29db418566,Yelzhas Otynshiyev,Yelzhas Otynshiyev,IPhO,2004,2004,2004,1985,1989,Bronze Medal,1,career,https://ipho-unofficial.org/countries/KAZ/individual
kaz-5af905ca2550,Yerulan Sabyrgali,Yerulan Sabyrgali,IChO,2004,2004,2004,1985,1989,Participant,1,career,https://www.icho-official.org/results/country_info.php?country=Kazakhstan
kaz-29109acd6898,Yeskendr Bissenov,Yeskendr Bissenov,IChO,2004,2004,2004,1985,1989,Silver medal,1,career,https://www.icho-official.org/results/country_info.php?country=Kazakhstan
kaz-5520c02c8f31,Akhmed Saidaliyev,Akhmed Saidaliyev,IPhO,2005,2005,2005,1986,1990,Bronze Medal,1,career,https://ipho-unofficial.org/countries/KAZ/individual
kaz-61d67d74eb6d,Almas Yerkinovich Ordabayev,Almas Ordabayev;Almas Yerkinovich Ordabayev,IChO,2005;2006,2005,2006,1986,1990,Bronze medal;Participant,2,career,https://www.icho-official.org/results/country_info.php?country=Kazakhstan
kaz-c5022eefe384,Asan Zholdassov,Asan Zholdassov,IMO,2005,2005,2005,1986,1990,Honourable mention,1,career,https://www.imo-official.org/results/individual/country/KAZ/
kaz-42eef016184c,Bakhytzhan Baizhikenov,Bakhytzhan Baizhikenov,IOI,2005;2006;2007;2008,2005,2008,1986,1990,Bronze;Gold;Silver,4,career,https://stats.ioinformatics.org/results/KAZ
kaz-4e3828c7955c,Diyar Mailepessov,Diyar Mailepessov,IBO,2005,2005,2005,1986,1990,,1,career,https://www.ibo-info.org/files/downloads/results-reports/results/IBO2005.pdf
kaz-5354c12725ae,Dulat Azhibek,Dulat Azhibek,IChO,2005,2005,2005,1986,1990,Silver medal,1,career,https://www.icho-official.org/results/country_info.php?country=Kazakhstan
kaz-bcd45c045c97,Kairat Zhubayev,Kairat Zhubayev,IMO,2005,2005,2005,1986,1990,Bronze medal,1,career,https://www.imo-official.org/results/individual/country/KAZ/
kaz-7faf2594f89e,Kuat Mukambetkazievich Usseingazin,Kuat Mukambetkazievich Usseingazin;Kuat Usseingazin,IChO,2005;2006,2005,2006,1986,1990,Bronze medal,2,career,https://www.icho-official.org/results/country_info.php?country=Kazakhstan
kaz-a125f99f4940,Marat Shotanov,Marat Shotanov,IBO,2005,2005,2005,1986,1990,,1,career,https://www.ibo-info.org/files/downloads/results-reports/results/IBO2005.pdf
kaz-b35790c250cd,Nurbol Duisenbayev,Nurbol Duisenbayev,IMO,2005;2006,2005,2006,1986,1990,Bronze medal;Silver medal,2,career,https://www.imo-official.org/results/individual/country/KAZ/
kaz-cffe6b9ed25e,Nurzhan Abdrakhmanov,Nurzhan Abdrakhmanov,IChO,2005,2005,2005,1986,1990,Bronze medal,1,career,https://www.icho-official.org/results/country_info.php?country=Kazakhstan
kaz-260600835e64,Ruslan Kudubayev,Ruslan Kudubayev,IOI,2005,2005,2005,1986,1990,,1,career,https://stats.ioinformatics.org/results/KAZ
kaz-b48f403765ac,Sossin Viktor,Sossin Viktor,IMO,2005,2005,2005,1986,1990,Bronze medal,1,career,https://www.imo-official.org/results/individual/country/KAZ/
kaz-26535589e436,Timur Abishev,Timur Abishev,IOI,2005;2006;2007,2005,2007,1986,1990,Bronze;Silver,3,career,https://stats.ioinformatics.org/results/KAZ
kaz-fe0afafbd5f3,Vladimir Bychkov,Vladimir Bychkov,IPhO,2005;2006,2005,2006,1986,1990,Bronze Medal;Silver Medal,2,career,https://ipho-unofficial.org/countries/KAZ/individual
kaz-0836a1c9d21b,Yerlan Bissenov,Yerlan Bissenov,IOI,2005;2006,2005,2006,1986,1990,Bronze;Silver,2,career,https://stats.ioinformatics.org/results/KAZ
kaz-47c266b2b44f,Yermek Kaipov,Yermek Kaipov,IPhO,2005;2006,2005,2006,1986,1990,Bronze Medal;Honourable Mention,2,career,https://ipho-unofficial.org/countries/KAZ/individual
kaz-3357e6338568,Yevgeniy Zagayevskiy,Yevgeniy Zagayevskiy,IPhO,2005,2005,2005,1986,1990,Bronze Medal,1,career,https://ipho-unofficial.org/countries/KAZ/individual
kaz-408aa9ea598e,Abylay Maranuly Samatov,Abylay Maranuly Samatov,IChO,2006,2006,2006,1987,1991,Bronze medal,1,career,https://www.icho-official.org/results/country_info.php?country=Kazakhstan
kaz-3c4d427574a2,Aizana Turmukhametova,Aizana Turmukhametova,IMO,2006,2006,2006,1987,1991,Honourable mention,1,career,https://www.imo-official.org/results/individual/country/KAZ/
kaz-c0f06a275839,Asset Mussagaliyev,Asset Mussagaliyev,IMO,2006;2007,2006,2007,1987,1991,Bronze medal,2,career,https://www.imo-official.org/results/individual/country/KAZ/
kaz-afe18421e5b7,Daulet Zhanguzin,Daulet Zhanguzin,IMO,2006,2006,2006,1987,1991,Bronze medal,1,career,https://www.imo-official.org/results/individual/country/KAZ/
kaz-1bea50762a08,Merlan Nagidulin,Merlan Nagidulin,IMO,2006,2006,2006,1987,1991,Bronze medal,1,career,https://www.imo-official.org/results/individual/country/KAZ/
kaz-2c17c88cc511,Mukashev Maxim,Mukashev Maxim,IBO,2006,2006,2006,1987,1991,Silver,1,career,https://www.ibo-info.org/files/downloads/results-reports/results/IBO2006.pdf
kaz-b2785ae44f62,Murat Zhaksylykovich Shagirov,Murat Zhaksylykovich Shagirov,IChO,2006,2006,2006,1987,1991,Bronze medal,1,career,https://www.icho-official.org/results/country_info.php?country=Kazakhstan
kaz-32cf54f8673f,Oleg Obukhov,Obukhov Oleg;Oleg Obukhov;Олег Обухов,IBO,2006;2007,2006,2007,1987,1991,Bronze,2,career,https://www.ibo-info.org/files/downloads/results-reports/results/IBO2006.pdf;https://www.ibo-info.org/files/downloads/results-reports/results/IBO2007.pdf
kaz-01957a6accca,Pavel Levchenko,Pavel Levchenko,IPhO,2006,2006,2006,1987,1991,Honourable Mention,1,career,https://ipho-unofficial.org/countries/KAZ/individual
kaz-7b9ddf320af6,Sailov Talgat,Sailov Talgat,IBO,2006,2006,2006,1987,1991,Bronze,1,career,https://www.ibo-info.org/files/downloads/results-reports/results/IBO2006.pdf
kaz-845e316f4e10,Umbetalin Aibek,Umbetalin Aibek,IBO,2006,2006,2006,1987,1991,Bronze,1,career,https://www.ibo-info.org/files/downloads/results-reports/results/IBO2006.pdf
kaz-d5a9e6425d45,Zhomart Sadykov,Zhomart Sadykov,IOI,2006;2007;2008,2006,2008,1987,1991,Bronze;Gold;Silver,3,career,https://stats.ioinformatics.org/results/KAZ
kaz-96fed62edd90,Adilzhan Ismailov,Adilzhan Ismailov,IMO,2007,2007,2007,1988,1992,Honourable mention,1,career,https://www.imo-official.org/results/individual/country/KAZ/
kaz-d36d7bbcbacc,Aibek A. Mukhamediyev,Aibek A. Mukhamediyev,IPhO,2007,2007,2007,1988,1992,Honourable Mention,1,career,https://ipho-unofficial.org/countries/KAZ/individual
kaz-b045af74dc39,Alen Bayev,Alen Bayev,IMO,2007,2007,2007,1988,1992,Bronze medal,1,career,https://www.imo-official.org/results/individual/country/KAZ/
kaz-a1eb0da72f42,Arman Diyarov,Arman Diyarov,IMO,2007,2007,2007,1988,1992,Honourable mention,1,career,https://www.imo-official.org/results/individual/country/KAZ/
kaz-2b2d1a08a130,Arnat Balabiyev,Arnat Balabiyer;Arnat Balabiyev,IBO,2007;2008,2007,2008,1988,1992,Bronze,2,career,https://www.ibo-info.org/files/downloads/results-reports/results/IBO2007.pdf;https://www.ibo-info.org/files/downloads/results-reports/results/IBO2008.pdf
kaz-40e246e1831e,Asset Daliyev,Asset Daliyev,IMO,2007;2008,2007,2008,1988,1992,Bronze medal,2,career,https://www.imo-official.org/results/individual/country/KAZ/
kaz-954c1033020d,Ayana Badrakova,Ayana Badrakova,IChO,2007,2007,2007,1988,1992,Bronze,1,career,https://scoreboard.bc-pf.org/en/results/chemistry/international-chemistry-olympiad/2007
kaz-add07caaba9e,Baurzhan Smailov,Baurzhan Smailov,IBO,2007,2007,2007,1988,1992,Bronze,1,career,https://www.ibo-info.org/files/downloads/results-reports/results/IBO2007.pdf
kaz-28f11085b34d,Dauren Kaliyev,Dauren Kaliyev,IChO,2007,2007,2007,1988,1992,Bronze,1,career,https://scoreboard.bc-pf.org/en/results/chemistry/international-chemistry-olympiad/2007
kaz-3007575deed1,Igor Stassiy,Igor Stassiy,IMO,2007,2007,2007,1988,1992,Silver medal,1,career,https://www.imo-official.org/results/individual/country/KAZ/
kaz-9dc053108701,Nasharov A. Askar,Nasharov A. Askar,IPhO,2007,2007,2007,1988,1992,Honourable Mention,1,career,https://ipho-unofficial.org/countries/KAZ/individual
kaz-e7f80acbcb7b,Viktor Passichenko,Viktor Passichenko,IOI,2007,2007,2007,1988,1992,Bronze,1,career,https://stats.ioinformatics.org/results/KAZ
kaz-8bd82bc015a6,Yerbol Y. Bekbayev,Yerbol Y. Bekbayev,IPhO,2007,2007,2007,1988,1992,Silver Medal,1,career,https://ipho-unofficial.org/countries/KAZ/individual
kaz-a93118601e76,Yerdos Ordabayev,Yerdos Ordabayev,IChO,2007,2007,2007,1988,1992,Silver,1,career,https://scoreboard.bc-pf.org/en/results/chemistry/international-chemistry-olympiad/2007
kaz-52d80f40e62d,Zhanat Koshenov,Zhanat Koshenov,IBO,2007;2008,2007,2008,1988,1992,Bronze,2,career,https://www.ibo-info.org/files/downloads/results-reports/results/IBO2007.pdf;https://www.ibo-info.org/files/downloads/results-reports/results/IBO2008.pdf
kaz-273cfae90c97,Zhanbolat Zholgeldiev,Zhanbolat Zholgeldiev;Zhanbolat Zholgeldiyev,IChO,2007;2008,2007,2008,1988,1992,Bronze;Silver,2,career,https://scoreboard.bc-pf.org/en/results/chemistry/international-chemistry-olympiad/2007;https://scoreboard.bc-pf.org/en/results/chemistry/international-chemistry-olympiad/2008
kaz-8b1c1fe467bb,Zhandos Seksembayev,Zhandos Berikkaliyevich Seksembayev;Zhandos Seksembayev;Zhandos Z. Seksembayev,IPhO,2007,2007,2007,1988,1992,Honourable Mention,1,career,https://ipho-unofficial.org/countries/KAZ/individual
kaz-561024988d4c,Akhyn Zhagsalag,Akhyn Zhagsalag,IPhO,2008;2009,2008,2009,1989,1993,Bronze Medal;Gold Medal,2,career,https://ipho-unofficial.org/countries/KAZ/individual
kaz-863407f79649,Arman Yesenamanov,Arman Yesenamanov,IOI,2008,2008,2008,1989,1993,,1,career,https://stats.ioinformatics.org/results/KAZ
kaz-9b2fecb414ca,Bakhytbek Zhalmagambetov,Bakhytbek Zhalmagambetov,IBO,2008,2008,2008,1989,1993,,1,career,https://www.ibo-info.org/files/downloads/results-reports/results/IBO2008.pdf
kaz-016e33a136a1,Nursultan Khadjimuratov,Nursultan Khadjimuratov,IMO,2008;2009;2010,2008,2010,1989,1993,Gold medal;Silver medal,3,career,https://www.imo-official.org/results/individual/country/KAZ/
kaz-81bc0e8f5f5c,Ruslan Vladimirovich Kalizhan,Ruslan Kalizhan;Ruslan Vladimirovich Kalizhan,IBO,2008;2009,2008,2009,1989,1993,,2,career,https://www.ibo-info.org/files/downloads/results-reports/results/IBO2008.pdf;https://www.ibo-info.org/files/downloads/results-reports/results/IBO2009.pdf
kaz-62d816e1ec2d,Sanzhar Karatayev,Sanzhar Karatayev,IChO,2008,2008,2008,1989,1993,Silver,1,career,https://scoreboard.bc-pf.org/en/results/chemistry/international-chemistry-olympiad/2008
kaz-860c6f9abbfa,Sanzhar Orazbayev,Sanzhar Orazbayev,IMO,2008;2009,2008,2009,1989,1993,Bronze medal,2,career,https://www.imo-official.org/results/individual/country/KAZ/
kaz-24cc764a8eaf,Shapagat Berdibek,Berdibek Shapagat;Shapagat Berdibek,IPhO,2008,2008,2008,1989,1993,Bronze Medal,1,career,https://ipho-unofficial.org/countries/KAZ/individual
kaz-1165d71f2850,Sidorenko Andrey,Sidorenko Andrey,IPhO,2008,2008,2008,1989,1993,Honourable Mention,1,career,https://ipho-unofficial.org/countries/KAZ/individual
kaz-2a649bf1de05,Sultan Aitekenov,Sultan Aitekenov,IChO,2008,2008,2008,1989,1993,Silver,1,career,https://scoreboard.bc-pf.org/en/results/chemistry/international-chemistry-olympiad/2008
kaz-5eaeaf0aebf3,Tussupbekov Yerkin,Tussupbekov Yerkin,IMO,2008,2008,2008,1989,1993,Silver medal,1,career,https://www.imo-official.org/results/individual/country/KAZ/
kaz-dd50209a641b,Vyacheslav Li,Vyacheslav Li,IPhO,2008;2009,2008,2009,1989,1993,Honourable Mention;Silver Medal,2,career,https://ipho-unofficial.org/countries/KAZ/individual
kaz-41f531ed3520,Yegor Klochkov,Yegor Klochkov,IMO,2008;2009,2008,2009,1989,1993,Gold medal;Silver medal,2,career,https://www.imo-official.org/results/individual/country/KAZ/
kaz-8ad6d5a1915d,Yerbolat Ablemetov,Yerbolat Ablemetov,IChO,2008,2008,2008,1989,1993,Silver,1,career,https://scoreboard.bc-pf.org/en/results/chemistry/international-chemistry-olympiad/2008
kaz-59b5ec3d2687,Yernaz Satybaldiyev,Yernaz Satybaldiyev,IOI,2008,2008,2008,1989,1993,,1,career,https://stats.ioinformatics.org/results/KAZ
kaz-3fc7579c7a89,Yeskendir Kassenov,Yeskendir Kassenov,IMO,2008,2008,2008,1989,1993,Bronze medal,1,career,https://www.imo-official.org/results/individual/country/KAZ/
kaz-4cad451e9620,Aigerim Shamshidin,Aigerim Shamshidin,IChO,2009,2009,2009,1990,1994,Bronze,1,career,https://scoreboard.bc-pf.org/en/results/chemistry/international-chemistry-olympiad/2009
kaz-596f1ff9721d,Aldiyar Nurmanov,Aldiyar Nurmanov,IPhO,2009,2009,2009,1990,1994,Honourable Mention,1,career,https://ipho-unofficial.org/countries/KAZ/individual
kaz-0622dfe9a63f,Ali Dautalinov,Ali Dautalinov,IOI,2009;2010;2011,2009,2011,1990,1994,Bronze,3,career,https://stats.ioinformatics.org/results/KAZ
kaz-a2f029eab00c,Amir Tulegenov,Amir Tulegenov,IOI,2009,2009,2009,1990,1994,Bronze,1,career,https://stats.ioinformatics.org/results/KAZ
kaz-7f627c03e4ca,Askar Amangeldy,Askar Amangeldy,IPhO,2009,2009,2009,1990,1994,Silver Medal,1,career,https://ipho-unofficial.org/countries/KAZ/individual
kaz-ebbffad91290,Birzhan Muldagaliyev,Birzhan Muldagaliyev,IMO,2009,2009,2009,1990,1994,Bronze medal,1,career,https://www.imo-official.org/results/individual/country/KAZ/
kaz-f721e7240925,Darkhan Akzholov,Darkhan Akzholov,IOI,2009,2009,2009,1990,1994,,1,career,https://stats.ioinformatics.org/results/KAZ
kaz-6ea5dd0e4291,Furkat Mukhtarov,Furkat Mukhtarov,IChO,2009,2009,2009,1990,1994,Bronze,1,career,https://scoreboard.bc-pf.org/en/results/chemistry/international-chemistry-olympiad/2009
kaz-9dadae71693b,Ilya Skripin,Ilya Skripin,IChO,2009;2010,2009,2010,1990,1994,Bronze,2,career,https://scoreboard.bc-pf.org/en/results/chemistry/international-chemistry-olympiad/2009;https://scoreboard.bc-pf.org/en/results/chemistry/international-chemistry-olympiad/2010
kaz-b60a544a248a,Kanat Satylkhanov,Kanat Satylkhanov,IMO,2009;2010,2009,2010,1990,1994,Gold medal;Silver medal,2,career,https://www.imo-official.org/results/individual/country/KAZ/
kaz-0bab17661adc,Madiyar Aitbayev,Madiyar Aitbayev,IOI,2009;2010,2009,2010,1990,1994,Bronze,2,career,https://stats.ioinformatics.org/results/KAZ
kaz-80e9320bcf5e,Nazym Nurlanovna Bashkenova,Nazym Nurlanovna Bashkenova,IBO,2009,2009,2009,1990,1994,,1,career,https://www.ibo-info.org/files/downloads/results-reports/results/IBO2009.pdf
kaz-0cc4d473da7f,Roman Langolf,Roman Langolf,IBO,2009,2009,2009,1990,1994,,1,career,https://www.ibo-info.org/files/downloads/results-reports/results/IBO2009.pdf
kaz-21741893c5a2,Talap Kossybakov,Talap Kossybakov,IBO,2009;2010,2009,2010,1990,1994,Bronze,2,career,https://scoreboard.bc-pf.org/en/results/biology/international_biology_olympiad/2010;https://www.ibo-info.org/files/downloads/results-reports/results/IBO2009.pdf
kaz-47297d0b8770,Tolebi Sailauov,Tolebi Sailauov,IMO,2009,2009,2009,1990,1994,Bronze medal,1,career,https://www.imo-official.org/results/individual/country/KAZ/
kaz-73232d09a9cf,Zhalgas Serimbetov,Zhalgas Serimbetov,IChO,2009;2010,2009,2010,1990,1994,Bronze,2,career,https://scoreboard.bc-pf.org/en/results/chemistry/international-chemistry-olympiad/2009;https://scoreboard.bc-pf.org/en/results/chemistry/international-chemistry-olympiad/2010
kaz-c412a21c7fc6,Zhanibek Kaimuldenov,Zhanibek Kaimuldenov,IPhO,2009,2009,2009,1990,1994,Gold Medal,1,career,https://ipho-unofficial.org/countries/KAZ/individual
kaz-01654d909e91,Abylay Shakhizadayev,Abylay Shakhizadayev,IChO,2010;2011,2010,2011,1991,1995,Bronze;Gold,2,career,https://scoreboard.bc-pf.org/en/results/chemistry/international-chemistry-olympiad/2010;https://scoreboard.bc-pf.org/en/results/chemistry/international-chemistry-olympiad/2011
kaz-f4ec7f952510,Ali-Amir Aldan,Ali-Amir Aldan,IOI,2010;2011,2010,2011,1991,1995,Bronze;Silver,2,career,https://stats.ioinformatics.org/results/KAZ
kaz-790df21958f8,Azamat Duysenbaev,Azamat Duysenbaev,IMO,2010,2010,2010,1991,1995,Honourable mention,1,career,https://www.imo-official.org/results/individual/country/KAZ/
kaz-c1c692af0296,Azizkhan Almakhan,Azizkhan Almakhan,IOI,2010,2010,2010,1991,1995,,1,career,https://stats.ioinformatics.org/results/KAZ
kaz-462ea4363511,Denis Ovchinnikov,Denis Ovchinnikov,IMO,2010,2010,2010,1991,1995,Gold medal,1,career,https://www.imo-official.org/results/individual/country/KAZ/
kaz-f02da7099fac,Kemeldinov Aidyn,Kemeldinov Aidyn,IPhO,2010,2010,2010,1991,1995,Silver Medal,1,career,https://ipho-unofficial.org/countries/KAZ/individual
kaz-f648d0d6bf6d,Manatuly Angsar,Manatuly Angsar,IPhO,2010,2010,2010,1991,1995,Silver Medal,1,career,https://ipho-unofficial.org/countries/KAZ/individual
kaz-c97c1b9e1718,Medet Zhanbulatuly,Medet Zhanbulatuly,IMO,2010;2011,2010,2011,1991,1995,Silver medal,2,career,https://www.imo-official.org/results/individual/country/KAZ/
kaz-abf1bb1c0e02,Miras Bekbergenov,Miras Bekbergenov,IChO,2010;2011,2010,2011,1991,1995,Bronze;Silver,2,career,https://scoreboard.bc-pf.org/en/results/chemistry/international-chemistry-olympiad/2010;https://scoreboard.bc-pf.org/en/results/chemistry/international-chemistry-olympiad/2011
kaz-3437e4fc5bbd,Nursultan Erkinovich Tompiyev,Nursultan Erkinovich Tompiyev,IBO,2010,2010,2010,1991,1995,,1,career,https://scoreboard.bc-pf.org/en/results/biology/international_biology_olympiad/2010
kaz-ef4bc11dbc64,Nurzhas Aidynov,Nurzhas Aidynov,IPhO,2010;2011;2012,2010,2012,1991,1995,Gold Medal;Silver Medal,3,career,https://ipho-unofficial.org/countries/KAZ/individual
kaz-264dfb257029,Rauan Rakhmet,Rauan Rakhmet,IMO,2010;2011,2010,2011,1991,1995,Bronze medal;Silver medal,2,career,https://www.imo-official.org/results/individual/country/KAZ/
kaz-c83291856fc0,Tamirlan Seidakhmetov,Tamirlan Seidakhmetov,IPhO,2010,2010,2010,1991,1995,Silver Medal,1,career,https://ipho-unofficial.org/countries/KAZ/individual
kaz-17b78d6e8c0f,Yernar Tursynbay,Yernar Tursynbay,IBO,2010;2011,2010,2011,1991,1995,Bronze,2,career,https://scoreboard.bc-pf.org/en/results/biology/international_biology_olympiad/2010;https://scoreboard.bc-pf.org/en/results/biology/international_biology_olympiad/2011
kaz-f67b534425a5,Zhaslan Baraissov,Zhaslan Baraissov,IPhO,2010;2011,2010,2011,1991,1995,Gold Medal;Silver Medal,2,career,https://ipho-unofficial.org/countries/KAZ/individual
kaz-0e1075c1b53e,Zhassulan Shaikhygali,Zhassulan Shaikhygali,IBO,2010;2011,2010,2011,1991,1995,Silver,2,career,https://scoreboard.bc-pf.org/en/results/biology/international_biology_olympiad/2010;https://scoreboard.bc-pf.org/en/results/biology/international_biology_olympiad/2011
kaz-ec80d9fc8daf,Akezhan Amankeldi,Akezhan Amankeldi,IMO,2011;2012,2011,2012,1992,1996,Bronze medal,2,career,https://www.imo-official.org/results/individual/country/KAZ/
kaz-bd1a5011816e,Altynay Narmanova,Altynay Narmanova,IBO,2011,2011,2011,1992,1996,Bronze,1,career,https://scoreboard.bc-pf.org/en/results/biology/international_biology_olympiad/2011
kaz-b8e3ad83d883,Andrey Drobakh,Andrei Drobakh;Andrey Drobakh;Дробах Андрей,IMO,2011,2011,2011,1992,1996,Bronze medal,1,career,https://www.imo-official.org/results/individual/country/KAZ/
kaz-ce11e3134fa1,Baizak Kudaibergenov,Baizak Kudaibergenov,IBO,2011,2011,2011,1992,1996,,1,career,https://scoreboard.bc-pf.org/en/results/biology/international_biology_olympiad/2011
kaz-f5050685c728,Darkhan Nurlybay,Darkhan Nurlybay,IPhO,2011,2011,2011,1992,1996,Bronze Medal,1,career,https://ipho-unofficial.org/countries/KAZ/individual
kaz-e266aa85e93e,Kaisarbek Omirzakhov,Kaisarbek Omirzakhov,IPhO,2011;2012,2011,2012,1992,1996,Gold Medal;Silver Medal,2,career,https://ipho-unofficial.org/countries/KAZ/individual
kaz-74fe1fe53ea1,Madi Khamitbekov,Madi Khamitbekov,IOI,2011;2012,2011,2012,1992,1996,Bronze;Silver,2,career,https://stats.ioinformatics.org/results/KAZ
kaz-329a330cca14,Saken Dushayev,Saken Dushayev,IMO,2011;2012,2011,2012,1992,1996,Bronze medal;Honourable mention,2,career,https://www.imo-official.org/results/individual/country/KAZ/
kaz-f67bd98affb8,Taiman Sabyrgaliyev,Taiman Sabyrgaliyev,IPhO,2011,2011,2011,1992,1996,Silver Medal,1,career,https://ipho-unofficial.org/countries/KAZ/individual
kaz-b893faccd3fc,Temirulan Mussayev,Temirulan Mussayev,IMO,2011,2011,2011,1992,1996,Honourable mention,1,career,https://www.imo-official.org/results/individual/country/KAZ/
kaz-de970224e20f,Vladimir Dolzhnikov,Vladimir Dolzhnikov,IChO,2011;2012,2011,2012,1992,1996,Bronze;Silver,2,career,https://scoreboard.bc-pf.org/en/results/chemistry/international-chemistry-olympiad/2011;https://scoreboard.bc-pf.org/en/results/chemistry/international-chemistry-olympiad/2012
kaz-03a266067148,Vladislav Kamysbayev,Vladislav Kamysbayev,IChO,2011;2012,2011,2012,1992,1996,Bronze,2,career,https://scoreboard.bc-pf.org/en/results/chemistry/international-chemistry-olympiad/2011;https://scoreboard.bc-pf.org/en/results/chemistry/international-chemistry-olympiad/2012
kaz-444dd6943eb0,Vyacheslav Kim,Vyacheslav Kim,IOI,2011;2012,2011,2012,1992,1996,Bronze;Silver,2,career,https://stats.ioinformatics.org/results/KAZ
kaz-66f479eb4560,Aidos Kuatov,Aidos Kuatov,IBO,2012,2012,2012,1993,1997,Bronze,1,career,https://scoreboard.bc-pf.org/en/results/biology/international_biology_olympiad/2012
kaz-15c5ca0ee628,Alibek Sailanbayev,Alibek Sailanbayev,IMO,2012;2013,2012,2013,1993,1997,Bronze medal;Silver medal,2,career,https://www.imo-official.org/results/individual/country/KAZ/
kaz-6e64602de321,Aman Sariyev,Aman Sariyev,IOI,2012;2013,2012,2013,1993,1997,Silver,2,career,https://stats.ioinformatics.org/results/KAZ
kaz-c056b8e8822d,Aslan Kuan,Aslan Kuan;Kuan Aslan,IBO,2012;2013,2012,2013,1993,1997,Bronze;Diploma,2,career,https://scoreboard.bc-pf.org/en/results/biology/international_biology_olympiad/2012;https://scoreboard.bc-pf.org/en/results/biology/international_biology_olympiad/2013
kaz-e310964136d0,Azamat Aidanov,Azamat Aidanov,IBO,2012,2012,2012,1993,1997,Bronze,1,career,https://scoreboard.bc-pf.org/en/results/biology/international_biology_olympiad/2012
kaz-6fd6f0f7d5f7,Azim Amanzholov,Azim Amanzholov,IChO,2012;2013,2012,2013,1993,1997,Gold;Silver,2,career,https://scoreboard.bc-pf.org/en/results/chemistry/international-chemistry-olympiad/2012;https://scoreboard.bc-pf.org/en/results/chemistry/international-chemistry-olympiad/2013
kaz-dc3a6a35b589,Dauren Muratov,Dauren Muratov,IOI,2012,2012,2012,1993,1997,,1,career,https://stats.ioinformatics.org/results/KAZ
kaz-07d2b93fd768,Ilya Vilkoviskiy,Ilya Vilkoviskiy,IPhO,2012,2012,2012,1993,1997,Gold Medal,1,career,https://ipho-unofficial.org/countries/KAZ/individual
kaz-4e81a93b6baa,Ivan Senyushkin,Ivan Senyushkin,IPhO,2012,2012,2012,1993,1997,Bronze Medal,1,career,https://ipho-unofficial.org/countries/KAZ/individual
kaz-ecb44be83ff0,Kairat Ashim,Kairat Ashim,IChO,2012;2013,2012,2013,1993,1997,Gold,2,career,https://scoreboard.bc-pf.org/en/results/chemistry/international-chemistry-olympiad/2012;https://scoreboard.bc-pf.org/en/results/chemistry/international-chemistry-olympiad/2013
kaz-e15af1368e42,Mussa Rajamov,Mussa Rajamov,IPhO,2012;2013,2012,2013,1993,1997,Silver Medal,2,career,https://ipho-unofficial.org/countries/KAZ/individual
kaz-6d8ff9e71d31,Nurislam Yeshenkulov,Nurislam Yeshenkulov,IBO,2012;2013,2012,2013,1993,1997,Silver,2,career,https://scoreboard.bc-pf.org/en/results/biology/international_biology_olympiad/2012;https://scoreboard.bc-pf.org/en/results/biology/international_biology_olympiad/2013
kaz-32373fc425de,Sergazy Kalmurzayev,Sergazy Kalmurzayev,IMO,2012;2013;2014,2012,2014,1993,1997,Bronze medal;Silver medal,3,career,https://www.imo-official.org/results/individual/country/KAZ/
kaz-d19956e64f90,Temirlan Izmailov,Temirlan Izmailov,IMO,2012,2012,2012,1993,1997,Honourable mention,1,career,https://www.imo-official.org/results/individual/country/KAZ/
kaz-518d651456c7,Yerniyaz Nurgabylov,Yerniyaz Nurgabylov,IMO,2012;2013,2012,2013,1993,1997,Bronze medal;Silver medal,2,career,https://www.imo-official.org/results/individual/country/KAZ/
kaz-cc87b45e38c1,Aidar Zhetessov,Aidar Zhetessov,IPhO,2013,2013,2013,1994,1998,Silver Medal,1,career,https://ipho-unofficial.org/countries/KAZ/individual
kaz-1e71a64a8ebb,Alisher Tortay,Alisher Tortay,IMO,2013;2014,2013,2014,1994,1998,Bronze medal,2,career,https://www.imo-official.org/results/individual/country/KAZ/
kaz-380ff32a092b,Amir Bralin,Amir Bralin,IPhO,2013;2014,2013,2014,1994,1998,Gold Medal;Silver Medal,2,career,https://ipho-unofficial.org/countries/KAZ/individual
kaz-4357b3307079,Batyrkhan Orynkul,Batyrkhan Orynkul,IMO,2013,2013,2013,1994,1998,Bronze medal,1,career,https://www.imo-official.org/results/individual/country/KAZ/
kaz-ef33110ee8b0,Binazar Zhassulan,Binazar Zhassulan;Zhassulan Binazar,IChO,2013;2014,2013,2014,1994,1998,Bronze,2,career,https://scoreboard.bc-pf.org/en/results/chemistry/international-chemistry-olympiad/2013;https://scoreboard.bc-pf.org/en/results/chemistry/international-chemistry-olympiad/2014
kaz-12d9dc922ba8,Bogdan Zagribelnyy,Bogdan Zagribelnyy,IChO,2013,2013,2013,1994,1998,Bronze,1,career,https://scoreboard.bc-pf.org/en/results/chemistry/international-chemistry-olympiad/2013
kaz-2fe78cfd647b,Dinmukhammed Nurbek,Dinmukhammed Nurbek,IPhO,2013;2014,2013,2014,1994,1998,Bronze Medal;Silver Medal,2,career,https://ipho-unofficial.org/countries/KAZ/individual
kaz-2d9952af7ca2,Khafiz Zhumadil,Khafiz Zhumadil,IBO,2013;2014,2013,2014,1994,1998,Bronze;Diploma,2,career,https://scoreboard.bc-pf.org/en/results/biology/international_biology_olympiad/2013;https://scoreboard.bc-pf.org/en/results/biology/international_biology_olympiad/2014
kaz-42799b8826c4,Meirambek Omyrzak,Meirambek Omyrzak,IOI,2013;2015,2013,2015,1994,1998,Silver,2,career,https://stats.ioinformatics.org/results/KAZ
kaz-2732f0e135fa,Nurislam Tursynbek,Nurislam Tursynbek,IPhO,2013;2014,2013,2014,1994,1998,Gold Medal;Silver Medal,2,career,https://ipho-unofficial.org/countries/KAZ/individual
kaz-88a74ae3e050,Nurlan Zhussipov,Nurlan Zhussipov,IOI,2013;2014,2013,2014,1994,1998,Bronze,2,career,https://stats.ioinformatics.org/results/KAZ
kaz-eda797e5a5c1,Roman Kogay,Roman Kogay,IBO,2013;2014,2013,2014,1994,1998,Bronze;Diploma,2,career,https://scoreboard.bc-pf.org/en/results/biology/international_biology_olympiad/2013;https://scoreboard.bc-pf.org/en/results/biology/international_biology_olympiad/2014
kaz-28588384ab57,Yerzhan Imanmalik,Yerzhan Imanmalik,IMO,2013;2014,2013,2014,1994,1998,Bronze medal;Honourable mention,2,career,https://www.imo-official.org/results/individual/country/KAZ/
kaz-9aa80e862003,Zhanadil Nurtoleuov,Zhanadil Nurtoleuov,IOI,2013,2013,2013,1994,1998,,1,career,https://stats.ioinformatics.org/results/KAZ
kaz-47792c0edb59,Adil Kabylda,Adil Kabilda;Adil Kabylda,IChO,2014;2015,2014,2015,1995,1999,Gold;Silver,2,career,https://scoreboard.bc-pf.org/en/results/chemistry/international-chemistry-olympiad/2014;https://scoreboard.bc-pf.org/en/results/chemistry/international-chemistry-olympiad/2015
kaz-d3e9cb1dd495,Akhan Ismailov,Akhan Ismailov,IMO,2014;2015,2014,2015,1995,1999,Gold medal,2,career,https://www.imo-official.org/results/individual/country/KAZ/
kaz-caf5fa5b20bf,Anton Khvan,Anton Khvan,IBO,2014;2015,2014,2015,1995,1999,Bronze,2,career,https://scoreboard.bc-pf.org/en/results/biology/international_biology_olympiad/2014;https://scoreboard.bc-pf.org/en/results/biology/international_biology_olympiad/2015
kaz-61a74e788b9b,Askarbek Orakov,Askarbek Orakov,IBO,2014,2014,2014,1995,1999,Silver,1,career,https://scoreboard.bc-pf.org/en/results/biology/international_biology_olympiad/2014
kaz-d29c3c1d1239,Danat Issa,Danat Issa,IPhO,2014,2014,2014,1995,1999,Gold Medal,1,career,https://ipho-unofficial.org/countries/KAZ/individual
kaz-5f556ca182f6,Daniyar Kamal,Daniyar Kamal,IMO,2014,2014,2014,1995,1999,Bronze medal,1,career,https://www.imo-official.org/results/individual/country/KAZ/
kaz-7e3271c82f49,Daniyar Maminov,Daniyar Maminov,IOI,2014;2015,2014,2015,1995,1999,Bronze,2,career,https://stats.ioinformatics.org/results/KAZ
kaz-7f81bf383084,Daulet Kurmantayev,Daulet Kurmantayev,IPhO,2014;2015,2014,2015,1995,1999,Gold Medal;Silver Medal,2,career,https://ipho-unofficial.org/countries/KAZ/individual
kaz-5a5848e42390,Kuandyk Altynkhanov,Kuandyk Altynkhanov,IMO,2014,2014,2014,1995,1999,Bronze medal,1,career,https://www.imo-official.org/results/individual/country/KAZ/
kaz-a8612d505db7,Miras Myrzakerey,Miras Myrzakerey,IOI,2014,2014,2014,1995,1999,Silver,1,career,https://stats.ioinformatics.org/results/KAZ
kaz-b82a97fb3f53,Sayinov Bauyrzhan,Sayinov Bauyrzhan,IChO,2014,2014,2014,1995,1999,,1,career,https://scoreboard.bc-pf.org/en/results/chemistry/international-chemistry-olympiad/2014
kaz-08fb4ba7d2f0,Serikzhan Yermekov,Serikzhan Yermekov,IChO,2014,2014,2014,1995,1999,Bronze,1,career,https://scoreboard.bc-pf.org/en/results/chemistry/international-chemistry-olympiad/2014
kaz-f394810a66fa,Ulugbek Adilbekov,Ulugbek Adilbekov,IOI,2014,2014,2014,1995,1999,Silver,1,career,https://stats.ioinformatics.org/results/KAZ
kaz-6ff2bc2176bd,Alen Abdrakhmanov,Alen Abdrakhmanov,IMO,2015,2015,2015,1996,2000,Bronze medal,1,career,https://www.imo-official.org/results/individual/country/KAZ/
kaz-0260225556fe,Alexandr Shakiyev,Alexandr Shakiyev,IMO,2015,2015,2015,1996,2000,Bronze medal,1,career,https://www.imo-official.org/results/individual/country/KAZ/
kaz-e0511f92fe0d,Almas Serikov,Almas Serikov,IBO,2015,2015,2015,1996,2000,Diploma,1,career,https://scoreboard.bc-pf.org/en/results/biology/international_biology_olympiad/2015
kaz-e8eb1ebde919,Anton Sedletskiy,Anton Sedletskiy;Anton Vladimirovich Sedletskiy;Седлецкий Антон;Седлецкий Антон Владимирович,IPhO,2015;2016,2015,2016,1996,2000,Honourable Mention;Silver Medal,2,career,https://ipho-unofficial.org/countries/KAZ/individual
kaz-8bfc979cedef,Arnur Makenov,Arnur Makenov,IChO,2015;2016,2015,2016,1996,2000,Bronze;Silver,2,career,https://scoreboard.bc-pf.org/en/results/chemistry/international-chemistry-olympiad/2015;https://scoreboard.bc-pf.org/en/results/chemistry/international-chemistry-olympiad/2016
kaz-19cbd524a6c0,Ayan Segizbay,Ayan Segizbay,IPhO,2015,2015,2015,1996,2000,Bronze Medal,1,career,https://ipho-unofficial.org/countries/KAZ/individual
kaz-590a5fc8e66b,Azamat Amzebek,Azamat Amzebek,IChO,2015,2015,2015,1996,2000,Silver,1,career,https://scoreboard.bc-pf.org/en/results/chemistry/international-chemistry-olympiad/2015
kaz-ae7bbfa79815,Azamat Smagulov,Azamat Smagulov,IChO,2015;2016,2015,2016,1996,2000,Silver,2,career,https://scoreboard.bc-pf.org/en/results/chemistry/international-chemistry-olympiad/2015;https://scoreboard.bc-pf.org/en/results/chemistry/international-chemistry-olympiad/2016
kaz-674fe7c75a81,Bekzhan Bekbolatuly,Bekzhan Bekbolatuly,IOI,2015,2015,2015,1996,2000,Silver,1,career,https://stats.ioinformatics.org/results/KAZ
kaz-f8f0e6bb7675,Daniyar Abesbek,Daniyar Abesbek,IMO,2015;2016,2015,2016,1996,2000,Bronze medal;Honourable mention,2,career,https://www.imo-official.org/results/individual/country/KAZ/
kaz-f20d8c3abb87,Daniyar Otarbayev,Daniyar Otarbayev,IBO,2015;2016,2015,2016,1996,2000,Bronze;Diploma,2,career,https://scoreboard.bc-pf.org/en/results/biology/international_biology_olympiad/2015;https://scoreboard.bc-pf.org/en/results/biology/international_biology_olympiad/2016
kaz-5ead16bef384,Khalykbek Yelshibekov,Khalykbek Yelshibekov,IPhO,2015,2015,2015,1996,2000,Honourable Mention,1,career,https://ipho-unofficial.org/countries/KAZ/individual
kaz-ce2eeb5d3d04,Nazarbek Altybay,Nazarbek Altybay,IOI,2015;2016,2015,2016,1996,2000,Silver,2,career,https://stats.ioinformatics.org/results/KAZ
kaz-633cb9726092,Nurlybek Sulaimanov,Nurlybek Sulaimanov,IBO,2015,2015,2015,1996,2000,Diploma,1,career,https://scoreboard.bc-pf.org/en/results/biology/international_biology_olympiad/2015
kaz-208576016cfd,Olzhas Kadyrakunov,Olzhas Kadyrakunov,IMO,2015,2015,2015,1996,2000,Silver medal,1,career,https://www.imo-official.org/results/individual/country/KAZ/
kaz-dcb24ecb815a,Temirlan Amangeldinov,Temirlan Amangeldin;Temirlan Amangeldinov,IMO;IPhO,2015;2016;2017,2015,2017,1996,2000,Bronze medal;Honourable mention;Silver Medal,3,career,https://ipho-unofficial.org/countries/KAZ/individual;https://www.imo-official.org/results/individual/country/KAZ/
kaz-07461cbee89d,Adilet Uvaliyev,Adilet Uvaliyev,IPhO,2016;2017,2016,2017,1997,2001,Silver Medal,2,career,https://ipho-unofficial.org/countries/KAZ/individual
kaz-cfbf52394abd,Adilkhan Sarsen,Adilkhan Sarsen,IPhO,2016,2016,2016,1997,2001,Bronze Medal,1,career,https://ipho-unofficial.org/countries/KAZ/individual
kaz-f3a805a1727a,Aivar Abrashuly,Aivar Abrashuly,IPhO,2016,2016,2016,1997,2001,Silver Medal,1,career,https://ipho-unofficial.org/countries/KAZ/individual
kaz-6c98b70e785e,Alisher Nazarbekov,Alisher Nazarbekov,IBO,2016;2017,2016,2017,1997,2001,Bronze,2,career,https://scoreboard.bc-pf.org/en/results/biology/international_biology_olympiad/2016;https://scoreboard.bc-pf.org/en/results/biology/international_biology_olympiad/2017
kaz-67db791fca33,Amir Mokhammed-Ali,Amir Mokhammed-Ali,IMO,2016;2017,2016,2017,1997,2001,Gold medal,2,career,https://www.imo-official.org/results/individual/country/KAZ/
kaz-515339b8d721,Anel Orazgaliyeva,Anel Orazgaliyeva,IBO,2016,2016,2016,1997,2001,Silver,1,career,https://scoreboard.bc-pf.org/en/results/biology/international_biology_olympiad/2016
kaz-a55fa73a7d5f,Anna Zavalishina,Anna Zavalishina,IBO,2016,2016,2016,1997,2001,Bronze,1,career,https://scoreboard.bc-pf.org/en/results/biology/international_biology_olympiad/2016
kaz-310c08212560,Anton Morgunov,Anton Morgunov,IChO,2016;2017,2016,2017,1997,2001,Gold;Silver,2,career,https://scoreboard.bc-pf.org/en/results/chemistry/international-chemistry-olympiad/2016;https://scoreboard.bc-pf.org/en/results/chemistry/international-chemistry-olympiad/2017
kaz-32bc606217ec,Aruzhan Amanbayeva,Aruzhan Amanbayeva,IMO,2016;2017;2018,2016,2018,1997,2001,Bronze medal;Silver medal,3,career,https://www.imo-official.org/results/individual/country/KAZ/
kaz-e252a91b0399,Ayat Tassanov,Ayat Tassanov,IChO,2016,2016,2016,1997,2001,Bronze,1,career,https://scoreboard.bc-pf.org/en/results/chemistry/international-chemistry-olympiad/2016
kaz-efdb0d38601b,Nurbakyt Madibek,Nurbakyt Madibek,IOI,2016;2017;2018,2016,2018,1997,2001,Bronze;Silver,3,career,https://stats.ioinformatics.org/results/KAZ
kaz-a242fdf22bda,Nursultan Pangsat,Nursultan Pangsat,IPhO,2016,2016,2016,1997,2001,Bronze Medal,1,career,https://ipho-unofficial.org/countries/KAZ/individual
kaz-3bb636937f0d,Raiymbek Akshulakov,Raiymbek Akshulakov,IMO,2016,2016,2016,1997,2001,Honourable mention,1,career,https://www.imo-official.org/results/individual/country/KAZ/
kaz-0869880ec7a7,Sanzhar Bidaibek,Sanzhar Bidaibek,IOI,2016;2017;2018,2016,2018,1997,2001,Bronze;Silver,3,career,https://stats.ioinformatics.org/results/KAZ
kaz-663572d0d26e,Shaikhitdin Nezametdinov,Shaikhitdin Nezametdinov,IOI,2016,2016,2016,1997,2001,Bronze,1,career,https://stats.ioinformatics.org/results/KAZ
kaz-aec3847e43a0,Temirkhan Zimanov,Temirkhan Zimanov,IMO,2016;2017,2016,2017,1997,2001,Silver medal,2,career,https://www.imo-official.org/results/individual/country/KAZ/
kaz-e2c1785c3b0f,Alexey Tsekhovoy,Alexey Tsekhovoy,IMO,2017;2018,2017,2018,1998,2002,Silver medal,2,career,https://www.imo-official.org/results/individual/country/KAZ/
kaz-477ae2fd5dbc,Alikhan Kudaibergenov,Alikhan Kudaibergenov,IMO,2017;2018,2017,2018,1998,2002,Silver medal,2,career,https://www.imo-official.org/results/individual/country/KAZ/
kaz-5c429c277917,Askhat Zhalgasov,Askhat Zhalgasov,IOI,2017,2017,2017,1998,2002,Bronze,1,career,https://stats.ioinformatics.org/results/KAZ
kaz-53073a123482,Assem Zhunis,Assem Zhunis,IChO,2017,2017,2017,1998,2002,Bronze,1,career,https://scoreboard.bc-pf.org/en/results/chemistry/international-chemistry-olympiad/2017
kaz-bb588a7913e2,Daulet Toibazar,Daulet Toibazar,IBO,2017,2017,2017,1998,2002,Diploma,1,career,https://scoreboard.bc-pf.org/en/results/biology/international_biology_olympiad/2017
kaz-f0f8ae850677,Kairat Albakov,Kairat Albakov,IBO,2017;2018,2017,2018,1998,2002,Bronze;Silver,2,career,https://scoreboard.bc-pf.org/en/results/biology/international_biology_olympiad/2017;https://scoreboard.bc-pf.org/en/results/biology/international_biology_olympiad/2018
kaz-a875a18e20f1,Kazhymurat Aknazar,Kazhymurat Aknazar,IPhO,2017,2017,2017,1998,2002,Gold Medal,1,career,https://ipho-unofficial.org/countries/KAZ/individual
kaz-c792c9bfcef4,Madi Baltagulov,Madi Baltagulov,IBO,2017,2017,2017,1998,2002,Bronze,1,career,https://scoreboard.bc-pf.org/en/results/biology/international_biology_olympiad/2017
kaz-999af747a5a2,Nurassyl Serik,Nurassyl Serik,IChO,2017,2017,2017,1998,2002,Bronze,1,career,https://scoreboard.bc-pf.org/en/results/chemistry/international-chemistry-olympiad/2017
kaz-7bc4b3d48a29,Nurdaulet Kemel,Kemel Nurdaulet,IPhO,2017;2018,2017,2018,1998,2002,Bronze Medal,2,career,https://ipho-unofficial.org/countries/KAZ/individual
kaz-569883c06e81,Nurlykhan Kairly,Nurlykhan Kairly,IOI,2017;2018,2017,2018,1998,2002,Bronze,2,career,https://stats.ioinformatics.org/results/KAZ
kaz-e894ef915410,Shyngys Aitkazinov,Shyngys Aitkazinov,IPhO,2017,2017,2017,1998,2002,Silver Medal,1,career,https://ipho-unofficial.org/countries/KAZ/individual
kaz-84b6c6673e87,Shyngys Bilyalov,Shyngys Bilyalov,IMO,2017;2018;2019,2017,2019,1998,2002,Honourable mention;Silver medal,3,career,https://www.imo-official.org/results/individual/country/KAZ/
kaz-926301b5ef4a,Temirlan Rakhimov,Temirlan Rakhimov,IChO,2017,2017,2017,1998,2002,Bronze,1,career,https://scoreboard.bc-pf.org/en/results/chemistry/international-chemistry-olympiad/2017
kaz-1f5957f35c2c,Adilet Turtemir,Adilet Turtemir;Adlet Turtemir;Turtemir Adilet,IBO,2018;2019,2018,2019,1999,2003,Bronze,2,career,https://scoreboard.bc-pf.org/en/results/biology/international_biology_olympiad/2018;https://scoreboard.bc-pf.org/en/results/biology/international_biology_olympiad/2019
kaz-fcb382e0caae,Alikhan Zimanov,Alikhan Zimanov,IMO,2018;2019,2018,2019,1999,2003,Bronze medal,2,career,https://www.imo-official.org/results/individual/country/KAZ/
kaz-ceec4f816e2c,Alina Gaukhartas,Alina Gaukhartas,IPhO,2018,2018,2018,1999,2003,Bronze Medal,1,career,https://ipho-unofficial.org/countries/KAZ/individual
kaz-95803b7b2c5f,Amanzhol Kuantay,Amanzhol Kuantay,IBO,2018;2019,2018,2019,1999,2003,Bronze;Silver,2,career,https://scoreboard.bc-pf.org/en/results/biology/international_biology_olympiad/2018;https://scoreboard.bc-pf.org/en/results/biology/international_biology_olympiad/2019
kaz-f85457929c5d,Amirkhan Bailin,Amirkhan Bailin,IPhO,2018;2019,2018,2019,1999,2003,Bronze Medal;Honourable Mention,2,career,https://ipho-unofficial.org/countries/KAZ/individual
kaz-c1c8ab962b25,Daniyar Zakarin,Daniyar Zakarin,IOI,2018;2019,2018,2019,1999,2003,Silver,2,career,https://stats.ioinformatics.org/results/KAZ
kaz-49e2c68e6afb,Diyar Tulenov,Diyar Tulenov,IPhO,2018,2018,2018,1999,2003,Bronze Medal,1,career,https://ipho-unofficial.org/countries/KAZ/individual
kaz-44c1e8dd8198,Galymzhan Moldagulov,Galymzhan Moldagulov,IChO,2018,2018,2018,1999,2003,Bronze,1,career,https://scoreboard.bc-pf.org/en/results/chemistry/international-chemistry-olympiad/2018
kaz-6b2d94581317,Olzhas Nurpeisov,Olzhas Nurpeisov,IChO,2018;2019,2018,2019,1999,2003,Bronze,2,career,https://scoreboard.bc-pf.org/en/results/chemistry/international-chemistry-olympiad/2018;https://scoreboard.bc-pf.org/en/results/chemistry/international-chemistry-olympiad/2019
kaz-ccd5a4548c56,Rakhman Asmatullayev,Rakhman Asmatullayev,IMO,2018,2018,2018,1999,2003,Bronze medal,1,career,https://www.imo-official.org/results/individual/country/KAZ/
kaz-01091dcfd107,Selimzhan Chalyshkan,Selimzhan Chalyshkan,IBO,2018,2018,2018,1999,2003,Bronze,1,career,https://scoreboard.bc-pf.org/en/results/biology/international_biology_olympiad/2018
kaz-ba8a6f8bb8aa,Vladislav Cherdantsev,Vladislav Cherdantsev,IChO,2018;2019,2018,2019,1999,2003,Diploma;Silver,2,career,https://scoreboard.bc-pf.org/en/results/chemistry/international-chemistry-olympiad/2018;https://scoreboard.bc-pf.org/en/results/chemistry/international-chemistry-olympiad/2019
kaz-c9b6eb61477c,Zhamaliddin Kalzhan,Zhamaliddin Kalzhan,IPhO,2018,2018,2018,1999,2003,Bronze Medal,1,career,https://ipho-unofficial.org/countries/KAZ/individual
kaz-c03aa47c2122,Zhanibek Bekkhozhin,Zhanibek Bekkhozhin,IChO,2018,2018,2018,1999,2003,Silver,1,career,https://scoreboard.bc-pf.org/en/results/chemistry/international-chemistry-olympiad/2018
kaz-3b19b5bc5f6d,Alibek Orazalin,Alibek Orazalin,IMO,2019,2019,2019,2000,2004,Bronze medal,1,early_career_or_university,https://www.imo-official.org/results/individual/country/KAZ/
kaz-da119ef48a6d,Batyr Sardarbekov,Batyr Sardarbekov,IOI,2019,2019,2019,2000,2004,Gold,1,early_career_or_university,https://stats.ioinformatics.org/results/KAZ
kaz-d3e4616882fd,Danat Duisenbekov,Danat Duisenbekov,IMO,2019;2020;2021,2019,2021,2000,2004,Bronze medal;Silver medal,3,early_career_or_university,https://www.imo-official.org/results/individual/country/KAZ/
kaz-8a1e18c44a89,Daniil Melnichenko,Daniil Melnichenko,IChO,2019,2019,2019,2000,2004,Bronze,1,early_career_or_university,https://scoreboard.bc-pf.org/en/results/chemistry/international-chemistry-olympiad/2019
kaz-ac8d11f139c6,David Li,David Li,IPhO,2019,2019,2019,2000,2004,Honourable Mention,1,early_career_or_university,https://ipho-unofficial.org/countries/KAZ/individual
kaz-492c4144387e,Kassym Mukhanbetiyar,Kassym Mukhanbetiyar,IMO,2019,2019,2019,2000,2004,Bronze medal,1,early_career_or_university,https://www.imo-official.org/results/individual/country/KAZ/
kaz-2523ce5463b9,Meiirbek Baimuratov,Meiirbek Baimuratov,IBO,2019,2019,2019,2000,2004,Bronze,1,early_career_or_university,https://scoreboard.bc-pf.org/en/results/biology/international_biology_olympiad/2019
kaz-d9616cfe0fb5,Nurlykhan Kopenov,Nurlykhan Kopenov,IChO,2019,2019,2019,2000,2004,Bronze,1,early_career_or_university,https://scoreboard.bc-pf.org/en/results/chemistry/international-chemistry-olympiad/2019
kaz-49fee0c7373b,Nurtas Shyntas,Nurtas Shyntas,IMO,2019;2020,2019,2020,2000,2004,Bronze medal;Silver medal,2,early_career_or_university,https://www.imo-official.org/results/individual/country/KAZ/
kaz-a7e23606a27b,Rassul Magauin,Rassul Magauin,IPhO,2019,2019,2019,2000,2004,Bronze Medal,1,early_career_or_university,https://ipho-unofficial.org/countries/KAZ/individual
kaz-4f8a3959755f,Sanzhar Otey,Sanzhar Otey,IBO,2019,2019,2019,2000,2004,,1,early_career_or_university,https://scoreboard.bc-pf.org/en/results/biology/international_biology_olympiad/2019
kaz-c6c074aef2cf,Temirlan Baibolov,Temirlan Baibolov,IOI,2019;2020,2019,2020,2000,2004,Bronze;Silver,2,early_career_or_university,https://stats.ioinformatics.org/results/KAZ
kaz-c91345744362,Temirlan Ismagulov,Temirlan Ismagulov,IPhO,2019,2019,2019,2000,2004,Honourable Mention,1,early_career_or_university,https://ipho-unofficial.org/countries/KAZ/individual
kaz-7b9356cf00a8,Zhan Kurbanbayev,Zhan Kurbanbayev,IOI,2019,2019,2019,2000,2004,Bronze,1,early_career_or_university,https://stats.ioinformatics.org/results/KAZ
kaz-d8dac02b5a92,Abilmansur Muzhubayev,Abilmansur Muzhubayev,IChO,2020,2020,2020,2001,2005,Bronze,1,early_career_or_university,https://scoreboard.bc-pf.org/en/results/chemistry/international-chemistry-olympiad/2020
kaz-bd7725315da3,Adam Taimanov,Adam Taimanov,IBO,2020,2020,2020,2001,2005,Bronze,1,early_career_or_university,https://scoreboard.bc-pf.org/en/results/biology/international_biology_olympiad/2020
kaz-070fb0fd555d,Arman Bissembayev,Arman Bissembayev,IBO,2020,2020,2020,2001,2005,Diploma,1,early_career_or_university,https://scoreboard.bc-pf.org/en/results/biology/international_biology_olympiad/2020
kaz-e592924f7a04,Bakdaulet Seysenkul,Bakdaulet Seysenkul,IChO,2020,2020,2020,2001,2005,Bronze,1,early_career_or_university,https://scoreboard.bc-pf.org/en/results/chemistry/international-chemistry-olympiad/2020
kaz-087d239f6acf,Fetullakh Sam,Fetullakh Sam,IMO,2020;2021;2022,2020,2022,2001,2005,Honourable mention;Silver medal,3,early_career_or_university,https://www.imo-official.org/results/individual/country/KAZ/
kaz-9dc89c027c6a,Khaidar Kairbek,Khaidar Kairbek,IChO,2020;2021,2020,2021,2001,2005,Bronze;Silver,2,early_career_or_university,https://scoreboard.bc-pf.org/en/results/chemistry/international-chemistry-olympiad/2020;https://scoreboard.bc-pf.org/en/results/chemistry/international-chemistry-olympiad/2021
kaz-8d1b7be09dcf,Kibriyanur Abdugafarova,Kibriyanur Abdugafarova,IChO,2020,2020,2020,2001,2005,Bronze,1,early_career_or_university,https://scoreboard.bc-pf.org/en/results/chemistry/international-chemistry-olympiad/2020
kaz-f1194a0f246c,Parassat Kyzyrkanov,Parassat Kyzyrkanov,IOI,2020,2020,2020,2001,2005,,1,early_career_or_university,https://stats.ioinformatics.org/results/KAZ
kaz-11ab68f6f611,Tair Satubaldin,Tair Satubaldin,IMO,2020;2021;2022,2020,2022,2001,2005,Silver medal,3,early_career_or_university,https://www.imo-official.org/results/individual/country/KAZ/
kaz-135e810b92e0,Tamirlan Bektemissov,Tamirlan Bektemissov,IMO,2020,2020,2020,2001,2005,Silver medal,1,early_career_or_university,https://www.imo-official.org/results/individual/country/KAZ/
kaz-56660a53cf0d,Timur Ratnikov,Timur Ratnikov,IOI,2020,2020,2020,2001,2005,,1,early_career_or_university,https://stats.ioinformatics.org/results/KAZ
kaz-279f8d67af01,Yerassyl Muratov,Yerassyl Muratov,IBO,2020,2020,2020,2001,2005,Diploma,1,early_career_or_university,https://scoreboard.bc-pf.org/en/results/biology/international_biology_olympiad/2020
kaz-8d648f29d1e0,Yuriy Ten,Yuriy Ten,IMO,2020;2022,2020,2022,2001,2005,Bronze medal,2,early_career_or_university,https://www.imo-official.org/results/individual/country/KAZ/
kaz-0f47bbbea1f0,Zhambyl Maksotov,Zhambyl Maksotov,IOI,2020;2021;2022,2020,2022,2001,2005,Bronze;Silver,3,early_career_or_university,https://stats.ioinformatics.org/results/KAZ
kaz-af55ed678a4e,Aibek Myrzatay,Aibek Myrzatay,IMO,2021,2021,2021,2002,2006,Gold medal,1,early_career_or_university,https://www.imo-official.org/results/individual/country/KAZ/
kaz-1b79632fc187,Aigerim Turuspekova,Aigerim Turuspekova,IChO,2021,2021,2021,2002,2006,Bronze,1,early_career_or_university,https://scoreboard.bc-pf.org/en/results/chemistry/international-chemistry-olympiad/2021
kaz-e97b6a989458,Altair Ashurov,Altair Ashurov,IOI,2021,2021,2021,2002,2006,Bronze,1,early_career_or_university,https://stats.ioinformatics.org/results/KAZ
kaz-b76707715f6b,Anton Draganchuk,Anton Draganchuk,IPhO,2021,2021,2021,2002,2006,Silver Medal,1,early_career_or_university,https://ipho-unofficial.org/countries/KAZ/individual
kaz-8c6b4dfb5df9,Assylbek Olzhabayev,Assylbek Olzhabayev,IMO,2021,2021,2021,2002,2006,Bronze medal,1,early_career_or_university,https://www.imo-official.org/results/individual/country/KAZ/
kaz-8309d6e00897,Bakdaulet Yernazarov,Bakdaulet Ernazarov;Bakdaulet Yernazarov,IBO,2021;2022;2023,2021,2023,2002,2006,Bronze;Silver,3,early_career_or_university,https://scoreboard.bc-pf.org/en/results/biology/international_biology_olympiad/2021;https://scoreboard.bc-pf.org/en/results/biology/international_biology_olympiad/2022;https://scoreboard.bc-pf.org/en/results/biology/international_biology_olympiad/2023
kaz-319ba97c86aa,Dinmukhamed Rakhimzhanov,Dinmukhamed Rakhimzhanov,IPhO,2021;2022,2021,2022,2002,2006,Silver Medal,2,early_career_or_university,https://ipho-unofficial.org/countries/KAZ/individual
kaz-4c524655befe,Guldana Abduali,Guldana Abduali,IBO,2021,2021,2021,2002,2006,Diploma,1,early_career_or_university,https://scoreboard.bc-pf.org/en/results/biology/international_biology_olympiad/2021
kaz-ccd2ad3a4c7d,Madiyar Kassymaly,Madiyar Kassymaly,IChO,2021;2022,2021,2022,2002,2006,Gold;Silver,2,early_career_or_university,https://scoreboard.bc-pf.org/en/results/chemistry/international-chemistry-olympiad/2021;https://scoreboard.bc-pf.org/en/results/chemistry/international-chemistry-olympiad/2022
kaz-776ae509d19e,Mansur Mukimbekov,Mansur Mukimbekov,IOI,2021,2021,2021,2002,2006,Bronze,1,early_career_or_university,https://stats.ioinformatics.org/results/KAZ
kaz-69f40396a2e9,Mukhammadarif Sakhmoldin,Mukhammadarif Sakhmoldin,IOI,2021;2022,2021,2022,2002,2006,Bronze;Silver,2,early_career_or_university,https://stats.ioinformatics.org/results/KAZ
kaz-07372798186f,Rakhim Baimurzin,Rakhim Baimurzin,IMO,2021,2021,2021,2002,2006,Bronze medal,1,early_career_or_university,https://www.imo-official.org/results/individual/country/KAZ/
kaz-2d3646888fa9,Rauan Kaldybayev,Rauan Kaldybayev,IPhO,2021,2021,2021,2002,2006,Silver Medal,1,early_career_or_university,https://ipho-unofficial.org/countries/KAZ/individual
kaz-f7400a612d63,Rizabek Alpamys,Rizabek Alpamys,IPhO,2021;2022,2021,2022,2002,2006,Silver Medal,2,early_career_or_university,https://ipho-unofficial.org/countries/KAZ/individual
kaz-f7a361eeb22e,Sanzhar Bissenali,Bissenali Sanzhar;Sanzhar Bissenali,IChO,2021;2022;2023,2021,2023,2002,2006,Gold;Silver,3,early_career_or_university,https://scoreboard.bc-pf.org/en/results/chemistry/international-chemistry-olympiad/2021;https://scoreboard.bc-pf.org/en/results/chemistry/international-chemistry-olympiad/2022;https://scoreboard.bc-pf.org/en/results/chemistry/international-chemistry-olympiad/2023
kaz-a07bb87cf2c6,Yerassyl Temirbekov,Yerassyl Temirbekov,IBO,2021;2022,2021,2022,2002,2006,Silver,2,early_career_or_university,https://scoreboard.bc-pf.org/en/results/biology/international_biology_olympiad/2021;https://scoreboard.bc-pf.org/en/results/biology/international_biology_olympiad/2022
kaz-77d19cd54c33,Yernar Batyrzhanov,Yernar Batyrzhanov,IBO,2021,2021,2021,2002,2006,Bronze,1,early_career_or_university,https://scoreboard.bc-pf.org/en/results/biology/international_biology_olympiad/2021
kaz-1725a7f689f9,Yersultan Pitebay,Yersultan Pitebay,IPhO,2021;2022;2023,2021,2023,2002,2006,Silver Medal,3,early_career_or_university,https://ipho-unofficial.org/countries/KAZ/individual
kaz-236abc470fa7,Adilet Abu,Adilet Abu,IMO,2022,2022,2022,2003,2007,Bronze medal,1,early_career_or_university,https://www.imo-official.org/results/individual/country/KAZ/
kaz-59a056858c02,Adilet Zauytkhan,Adilet Zauytkhan,IMO,2022,2022,2022,2003,2007,Bronze medal,1,early_career_or_university,https://www.imo-official.org/results/individual/country/KAZ/
kaz-61c6139b5eb9,Alikhan Zhumagaleyev,Alikhan Zhumagaleyev,IBO,2022,2022,2022,2003,2007,Silver,1,early_career_or_university,https://scoreboard.bc-pf.org/en/results/biology/international_biology_olympiad/2022
kaz-6b502ce47b9f,Almira Nurlanova,Almira Nurlanova;Nurlanova Almira,IChO,2022;2023,2022,2023,2003,2007,Silver,2,early_career_or_university,https://scoreboard.bc-pf.org/en/results/chemistry/international-chemistry-olympiad/2022;https://scoreboard.bc-pf.org/en/results/chemistry/international-chemistry-olympiad/2023
kaz-3be79cb80aa3,Daniil Shatokhin,Daniil Shatokhin,IPhO,2022,2022,2022,2003,2007,Gold Medal,1,early_career_or_university,https://ipho-unofficial.org/countries/KAZ/individual
kaz-bdb3a76b4430,Dinmukhammed Omar,Dinmukhammed Omar;Omar Dinmukhammed,IBO,2022;2023,2022,2023,2003,2007,Silver,2,early_career_or_university,https://scoreboard.bc-pf.org/en/results/biology/international_biology_olympiad/2022;https://scoreboard.bc-pf.org/en/results/biology/international_biology_olympiad/2023
kaz-69bda00903cf,Miron Yurkevich,Miron Yurkevich,IMO,2022;2023;2024;2025,2022,2025,2003,2007,Silver medal,4,early_career_or_university,https://www.imo-official.org/results/individual/country/KAZ/
kaz-2c30c8a4a543,Sanzhar Nurgaliyev,Sanzhar Nurgaliyev,IChO,2022,2022,2022,2003,2007,Silver,1,early_career_or_university,https://scoreboard.bc-pf.org/en/results/chemistry/international-chemistry-olympiad/2022
kaz-bda0b6a1ab68,Taimas Korganbayev,Taimas Korganbayev,IOI,2022;2023,2022,2023,2003,2007,Bronze;Silver,2,early_career_or_university,https://stats.ioinformatics.org/results/KAZ
kaz-36f5d4e0f896,Van Li,Van Li,IOI,2022;2023,2022,2023,2003,2007,Bronze;Honourable Mention,2,early_career_or_university,https://stats.ioinformatics.org/results/KAZ
kaz-9208d8d1b297,Vladimir Lim,Vladimir Lim,IPhO,2022,2022,2022,2003,2007,Silver Medal,1,early_career_or_university,https://ipho-unofficial.org/countries/KAZ/individual
kaz-1877dd6f71f9,Alisher Yerkebayev,Alisher Yerkebayev,IPhO,2023,2023,2023,2004,2008,Silver Medal,1,recent_competitor,https://ipho-unofficial.org/countries/KAZ/individual
kaz-cb653a13b10b,Batyrkhan Sakenov,Batyrkhan Sakenov,IMO,2023,2023,2023,2004,2008,Bronze medal,1,recent_competitor,https://www.imo-official.org/results/individual/country/KAZ/
kaz-4a80af9daaab,Dair Nurtayev,Dair Nurtaev;Dair Nurtayev,IPhO,2023,2023,2023,2004,2008,Bronze Medal,1,recent_competitor,https://ipho-unofficial.org/countries/KAZ/individual
kaz-9ad9420e5768,Doszhan Bissimbi,Bissimbi Doszhan;Doszhan Bissimbi,IPhO,2023;2024,2023,2024,2004,2008,Silver Medal,2,recent_competitor,https://ipho-unofficial.org/countries/KAZ/individual
kaz-213b92028ecf,Galymzhan Baktybai,Baktybai Galymzhan;Galymzhan Baktybai;Galymzhan Baktybay,IBO,2023;2024,2023,2024,2004,2008,Bronze,2,recent_competitor,https://scoreboard.bc-pf.org/en/results/biology/international_biology_olympiad/2023;https://scoreboard.bc-pf.org/en/results/biology/international_biology_olympiad/2024
kaz-be04ddfb5a42,Islam Amangeldi,Islam Amangeldi,IBO,2023,2023,2023,2004,2008,Bronze,1,recent_competitor,https://scoreboard.bc-pf.org/en/results/biology/international_biology_olympiad/2023
kaz-861bd0bfc9f2,Mamyrbekov Bekbolat,Mamyrbekov Bekbolat,IChO,2023,2023,2023,2004,2008,Bronze,1,recent_competitor,https://scoreboard.bc-pf.org/en/results/chemistry/international-chemistry-olympiad/2023
kaz-ec0591e8ac95,Mansur Mamadakhunov,Mansur Mamadakhunov,IOI,2023;2025,2023,2025,2004,2008,Honourable Mention;Silver,2,recent_competitor,https://stats.ioinformatics.org/results/KAZ
kaz-c8b296e6cadb,Margulan Sharel,Margulan Sharel,IMO,2023;2024;2025;2026,2023,2026,2004,2008,Bronze medal;Silver medal,4,recent_competitor,https://www.imo-official.org/results/individual/country/KAZ/
kaz-8ba9adfc1870,Nazar Serazitdinov,Nazar Serazitdinov,IOI,2023;2024,2023,2024,2004,2008,Bronze;Silver,2,recent_competitor,https://stats.ioinformatics.org/results/KAZ
kaz-7461ed3854c5,Nursagatov Margulan,Margulan Nursagatov;Nursagatov Margulan,IPhO,2023;2024,2023,2024,2004,2008,Silver Medal,2,recent_competitor,https://ipho-unofficial.org/countries/KAZ/individual
kaz-8db1b6d8afd7,Raiymbek Baishuak,Raiymbek Baishuak,IMO,2023,2023,2023,2004,2008,Silver medal,1,recent_competitor,https://www.imo-official.org/results/individual/country/KAZ/
kaz-166b996bb739,Rinat Ilyussizov,Rinat Ilyussizov,IChO,2023;2024,2023,2024,2004,2008,Gold;Silver,2,recent_competitor,https://scoreboard.bc-pf.org/en/results/chemistry/international-chemistry-olympiad/2023;https://scoreboard.bc-pf.org/en/results/chemistry/international-chemistry-olympiad/2024
kaz-e684e28ea593,Vladimir Rogovskiy,Vladimir Rogovskiy,IMO,2023;2024,2023,2024,2004,2008,Bronze medal,2,recent_competitor,https://www.imo-official.org/results/individual/country/KAZ/
kaz-9bdeb2eedd97,Zhan Dautov,Zhan Dautov,IMO,2023;2024,2023,2024,2004,2008,Bronze medal,2,recent_competitor,https://www.imo-official.org/results/individual/country/KAZ/
kaz-00a1687b2b23,Abylay Kabdulkhadyr,Abylay Kabdulkhadyr,IChO,2024;2025,2024,2025,2005,2009,Gold;Silver,2,recent_competitor,https://scoreboard.bc-pf.org/en/results/chemistry/international-chemistry-olympiad/2024;https://scoreboard.bc-pf.org/en/results/chemistry/international-chemistry-olympiad/2025
kaz-275559ab7cdd,Akhmet Issa,Akhmet Issa,IOI,2024,2024,2024,2005,2009,Bronze,1,recent_competitor,https://stats.ioinformatics.org/results/KAZ
kaz-449a09030208,Amina Tynarbay,Amina Tynarbay,IBO,2024,2024,2024,2005,2009,Bronze,1,recent_competitor,https://scoreboard.bc-pf.org/en/results/biology/international_biology_olympiad/2024
kaz-6bd1daf828d9,Amir Pshenbayev,Amir Pshenbayev;Pshenvayev Amir,IPhO,2024;2025,2024,2025,2005,2009,Bronze Medal;Silver Medal,2,recent_competitor,https://ipho-unofficial.org/countries/KAZ/individual
kaz-1a21d28a2426,Amirlan Amanzholov,Amirlan Amanzholov,IMO,2024;2025;2026,2024,2026,2005,2009,Bronze medal;Silver medal,3,recent_competitor,https://www.imo-official.org/results/individual/country/KAZ/
kaz-4fe09b624ebf,Artur Kim,Artur Kim;Kim Artur,IPhO,2024;2025,2024,2025,2005,2009,Bronze Medal;Silver Medal,2,recent_competitor,https://ipho-unofficial.org/countries/KAZ/individual
kaz-c5f47f6f2526,Dias Suleimenov,Dias Suleimenov,IBO,2024,2024,2024,2005,2009,Bronze,1,recent_competitor,https://scoreboard.bc-pf.org/en/results/biology/international_biology_olympiad/2024
kaz-8263929a366c,Dinmukhamed Yegeubayev,Dinmukhamed Yegeubayev,IMO,2024,2024,2024,2005,2009,Honourable mention,1,recent_competitor,https://www.imo-official.org/results/individual/country/KAZ/
kaz-33b90013745b,Iliyas Kazymbek,Iliyas Kazymbek;Ilyas Kazymbek;Kazymbek Iliyas,IPhO,2024;2026,2024,2026,2005,2009,Bronze Medal;Gold Medal,2,recent_competitor,https://ipho-unofficial.org/countries/KAZ/individual
kaz-79f187c010c6,Kirill Kim,Kim Kirill;Kirill Kim,IChO,2024;2025,2024,2025,2005,2009,Gold,2,recent_competitor,https://scoreboard.bc-pf.org/en/results/chemistry/international-chemistry-olympiad/2024;https://scoreboard.bc-pf.org/en/results/chemistry/international-chemistry-olympiad/2025
kaz-b32bd2df1cfe,Mansur Taimas,Mansur Taimas,IOI,2024,2024,2024,2005,2009,Silver,1,recent_competitor,https://stats.ioinformatics.org/results/KAZ
kaz-618279226751,Maxim Tsoy,Maksim Tsoy;Maxim Tsoy,IOI,2024;2025,2024,2025,2005,2009,Silver,2,recent_competitor,https://stats.ioinformatics.org/results/KAZ
kaz-a93521357d27,Moldagul Adilzhan,Moldagul Adilzhan,IChO,2024,2024,2024,2005,2009,Bronze,1,recent_competitor,https://scoreboard.bc-pf.org/en/results/chemistry/international-chemistry-olympiad/2024
kaz-578a8517b344,Nurtore Torekhanuly,Nurtore Torekhanuly,IBO,2024,2024,2024,2005,2009,Bronze,1,recent_competitor,https://scoreboard.bc-pf.org/en/results/biology/international_biology_olympiad/2024
kaz-dd3a643dd7b7,Aiganym Baltashova,Aiganym Baltashova,IBO,2025,2025,2025,2006,2010,Bronze,1,recent_competitor,https://www.ibo-info.org/files/downloads/results-reports/results/IBO2025%20Ranking.pdf
kaz-822bb4ee42e0,Akezhan Askar,Akezhan Askar;Akzhan Askar,IOI,2025,2025,2025,2006,2010,Silver,1,recent_competitor,https://stats.ioinformatics.org/results/KAZ
kaz-a916225fee26,Alikhan Ashirkhanov,Alikhan Ashirkhanov,IBO,2025;2026,2025,2026,2006,2010,Bronze;Silver,2,recent_competitor,https://www.ibo-info.org/files/downloads/results-reports/results/IBO2025%20Ranking.pdf;https://www.ibo-info.org/files/downloads/results-reports/results/IBO_2026_Individual_Results_Final.pdf
kaz-64e130a742d3,Amir Sakhipov,Amir Sakhipov,IMO,2025,2025,2025,2006,2010,Silver medal,1,recent_competitor,https://www.imo-official.org/results/individual/country/KAZ/
kaz-b695dee1b41c,Amirbek Azatbekov,Amirbek Azatbekov,IPhO,2025;2026,2025,2026,2006,2010,Gold Medal;Silver Medal,2,recent_competitor,https://ipho-unofficial.org/countries/KAZ/individual
kaz-7dd0181a5ee2,Ansar Zhaksylykov,Ansar Zhaksylykov,IChO,2025;2026,2025,2026,2006,2010,Silver;Silver medal,2,recent_competitor,https://scoreboard.bc-pf.org/en/results/chemistry/international-chemistry-olympiad/2025;https://www.icho-official.org/results/country_info.php?country=Kazakhstan
kaz-a4eaedad760e,Batyr Yerzhanuly,Batyr Yerzhanuly,IBO,2025,2025,2025,2006,2010,Bronze,1,recent_competitor,https://www.ibo-info.org/files/downloads/results-reports/results/IBO2025%20Ranking.pdf
kaz-d2813a8e7e70,Bekassyl Yelubay,Bekassyl Yelubay,IPhO,2025,2025,2025,2006,2010,Silver Medal,1,recent_competitor,https://ipho-unofficial.org/countries/KAZ/individual
kaz-2d51fec0f8cd,Dauzhan Beketov,Dauzhan Beketov,IOI,2025,2025,2025,2006,2010,Bronze,1,recent_competitor,https://stats.ioinformatics.org/results/KAZ
kaz-92adb8a08f0e,Nurgul Yegenbergenova,Nurgul Yegenbergenova,IPhO,2025;2026,2025,2026,2006,2010,Bronze Medal;Gold Medal,2,recent_competitor,https://ipho-unofficial.org/countries/KAZ/individual
kaz-eebfbe6a6de9,Yenlik Bakytbekova,Enlik Bakytbekova;Yenlik Bakytbekova,IChO,2025,2025,2025,2006,2010,Silver,1,recent_competitor,https://scoreboard.bc-pf.org/en/results/chemistry/international-chemistry-olympiad/2025
kaz-f63c5a4ed4de,Yerassyl Altynbek,Yerassyl Altynbek,IMO,2025;2026,2025,2026,2006,2010,Bronze medal,2,recent_competitor,https://www.imo-official.org/results/individual/country/KAZ/
kaz-ce04be5e3d55,Yerkanat Kengshilik,Yerkanat Kengshilik,IMO,2025,2025,2025,2006,2010,Bronze medal,1,recent_competitor,https://www.imo-official.org/results/individual/country/KAZ/
kaz-532ae28f1d07,Yersultan Kairken,Yersultan Kairken;Yersultan Kaiyrken,IBO,2025;2026,2025,2026,2006,2010,Bronze;Silver,2,recent_competitor,https://www.ibo-info.org/files/downloads/results-reports/results/IBO2025%20Ranking.pdf;https://www.ibo-info.org/files/downloads/results-reports/results/IBO_2026_Individual_Results_Final.pdf
kaz-0a21069b5b5d,Abilmansur Kali,Abilmansur Kali,IChO,2026,2026,2026,2007,2011,Silver medal,1,recent_competitor,https://www.icho-official.org/results/country_info.php?country=Kazakhstan
kaz-d0f8031edfa1,Aizere Zhengiskhanova,Aizere Zhengiskhanova;Aizere Zheniskhanova,IChO,2026,2026,2026,2007,2011,Gold medal,1,recent_competitor,https://www.icho-official.org/results/country_info.php?country=Kazakhstan
kaz-796f13ed0022,Ali Yerkebulanuly,Ali Yerkebulanuly,IMO,2026,2026,2026,2007,2011,Silver medal,1,recent_competitor,https://www.imo-official.org/results/individual/country/KAZ/
kaz-81ce5fa84827,Batyrkhan Beiganov,Batyrkhan Beiganov,IMO,2026,2026,2026,2007,2011,Silver medal,1,recent_competitor,https://www.imo-official.org/results/individual/country/KAZ/
kaz-e9cd35b41255,Damir Kurman,Damir Kurman;Damir Kurmanov,IPhO,2026,2026,2026,2007,2011,Gold Medal,1,recent_competitor,https://ipho-unofficial.org/countries/KAZ/individual
kaz-8e557ae5dc19,Danil Poletayev,Danil Poletayev,IChO,2026,2026,2026,2007,2011,Silver medal,1,recent_competitor,https://www.icho-official.org/results/country_info.php?country=Kazakhstan
kaz-5529282c441f,Roman Cheremnov,Roman Cheremnov,IPhO,2026,2026,2026,2007,2011,Gold Medal,1,recent_competitor,https://ipho-unofficial.org/countries/KAZ/individual
kaz-330d52d38c3b,Sofya Zheltova,Sofya Zheltova,IBO,2026,2026,2026,2007,2011,Silver,1,recent_competitor,https://www.ibo-info.org/files/downloads/results-reports/results/IBO_2026_Individual_Results_Final.pdf
kaz-cc4a2f7877ce,Timur Murat,Timur Murat,IMO,2026,2026,2026,2007,2011,Silver medal,1,recent_competitor,https://www.imo-official.org/results/individual/country/KAZ/
kaz-e54a79a0c1b7,Yevgeniya Mezhenina,Yevgeniya Mezhenina,IBO,2026,2026,2026,2007,2011,Bronze,1,recent_competitor,https://www.ibo-info.org/files/downloads/results-reports/results/IBO_2026_Individual_Results_Final.pdf
