canonical_person_id,canonical_name,aliases,reason,evidence_url
kaz-444dd6943eb0,Vyacheslav Kim,Vyacheslav Kim;Slava Kim,The IOI-linked Codeforces and Topcoder handle imslavko appears on Slava Kim's self-authored career site alongside his MIT education and software-engineering history.,https://slv.io/
kaz-24cc764a8eaf,Shapagat Berdibek,Berdibek Shapagat;Shapagat Berdibek,The official IPhO record uses surname-first Berdibek Shapagat while the exact LinkedIn profile and both university repositories use Shapagat Berdibek.,https://www.linkedin.com/in/shapagatberdibek/
kaz-dcb24ecb815a,Temirlan Amangeldinov,Temirlan Amangeldin;Temirlan Amangeldinov,The IMO and IPhO records resolve to the same rare-name profile and the same 2017-2021 UNIST education timeline.,https://linkedin.com/in/temirlan-amangeldinov
kaz-45c2d7c0bad6,Damir Yeliussizov,Damir Yeliusizov;Damir Yeliussizov,The official 2004 IMO result uses Yeliusizov while the same rare-name Kazakhstan delegation leader and the mathematician's academic site use Yeliussizov.,https://www.damir.xyz/
kaz-45fb4c336c70,Leonid Kardapoltsev,Leoned Kardapoltsev;Leonid Kardapoltsev,The official IPhO record's Leoned spelling is an evident first-name error for the age-compatible rare-name physicist Leonid Kardapoltsev documented continuously at NSU and the Budker Institute.,https://indico.ihep.ac.cn/event/18572/?print=1
kaz-6b502ce47b9f,Almira Nurlanova,Almira Nurlanova;Nurlanova Almira,The two IChO rows are reverse-order variants and the accepted self-authored profile uses Almira Nurlanova while explicitly listing both IChO medals.,https://www.linkedin.com/in/almira-nurlanova-a6777727a
kaz-bdb3a76b4430,Dinmukhammed Omar,Dinmukhammed Omar;Omar Dinmukhammed,The official IBO report uses Dinmukhammed Omar for Kazakhstan's 2022 and 2023 silver medalist and NTU undergraduate.,https://www.ibo-info.org/files/downloads/results-reports/final-reports/IBO-2024%20Report.pdf
kaz-9ad9420e5768,Doszhan Bissimbi,Bissimbi Doszhan;Doszhan Bissimbi,The accepted self-authored profile uses Doszhan Bissimbi while explicitly identifying his Kazakhstan IPhO medal.,https://hk.linkedin.com/in/doszhan-bissimbi-a15621291
kaz-213b92028ecf,Galymzhan Baktybai,Baktybai Galymzhan;Galymzhan Baktybai;Galymzhan Baktybay,The accepted self-authored profile uses Galymzhan Baktybai while explicitly identifying his Kazakhstan IBO medals.,https://kr.linkedin.com/in/galymzhnb
kaz-1d6bad0a9a90,Daulet Turetayev,Daulet Turetaev;Daulet Turetayev,The Turetaev and Turetayev spellings represent the same rare name across the Kazakhstan IMO record and the subsequent University of Twente research record.,https://research.utwente.nl/en/publications/nondeterminism-in-stochastic-modeling/
kaz-5f05301e71f7,Arnur Tokhtabayev,Arnur Tokhtabaev;Arnur Tokhtabayev;Arnur Toktabayev,The former company biography uses Tokhtabayev and Tokhtabaev for the same founder while RFMS records the Toktabayev transliteration for its 1996 IMO participant.,https://tntsecure.kz/en/about.html
kaz-55cdb586d884,Nurzhan Kadzhiakbarov,Nurzhan Kadzhiakbarov;Nurzhan Kajikabarov,The current official biography uses Kadzhiakbarov for the same rare name that the IMO registry transliterates as Kajikabarov and RFMS records in Cyrillic.,https://www.inform.kz/person/nurzhan-khazhimuratuly-kadzhiakbarov-1736839590
kaz-33b90013745b,Iliyas Kazymbek,Iliyas Kazymbek;Ilyas Kazymbek;Kazymbek Iliyas,The official English-language school reporting uses Ilyas Kazymbek while the IPhO registry and accepted profile use Iliyas Kazymbek for the same repeat Kazakhstan physics medalist.,https://oq.gov.kz/en/qazalemnews/1071
kaz-d0f8031edfa1,Aizere Zhengiskhanova,Aizere Zhengiskhanova;Aizere Zheniskhanova,The official NIS annual report uses the Zheniskhanova transliteration for the same NIS Oskemen chemistry student recorded as Zhengiskhanova by the IChO registry.,https://www.nis.edu.kz/storage/files/01KV4Y1KZ9NGGW1K9FB69D47Q8.pdf
kaz-e9cd35b41255,Damir Kurman,Damir Kurman;Damir Kurmanov,Contemporary reporting uses Kurman and Kurmanov for the same member of Kazakhstan's five-person 2026 IPhO gold-medal team.,https://dsml.kz/en/news/d9dd125d-a1cb-47ab-bf49-85c420248f0f
kaz-532ae28f1d07,Yersultan Kairken,Yersultan Kairken;Yersultan Kaiyrken,The official IBO result uses Kairken while Qazinform's Ministry of Education report uses Kaiyrken for the same repeat Kazakhstan biology medalist.,https://qazinform.com/news/kazakhstans-young-biologists-win-4-medals-at-ibo-2026-df82a7
kaz-694369c06874,Baurzhan Urgunshbayev,Baurzhan Urgunshbayev;Urgunshbayev Baurzhan,"The official IMO record uses Baurzhan Urgunshbayev while Kazakhstan's 2003 school-Olympiad record uses the reverse-order Ургуншбаев Бауржан for the exact-name grade-11 Aktobe KTL student.",https://matol.kz/results/235
kaz-618279226751,Maxim Tsoy,Maxim Tsoy;Maksim Tsoy,The IOI registry uses Maxim Tsoy while Kazakhstan's Ministry of Education reporting uses Maksim Tsoy for the same repeat Kazakhstan informatics medalist.,https://oq.gov.kz/en/qazalemnews/1113
kaz-822bb4ee42e0,Akezhan Askar,Akezhan Askar;Akzhan Askar,The IOI registry uses Akezhan Askar while Kazakhstan's Ministry of Education reporting uses Akzhan Askar for the same 2025 contestant from NIS Semey.,https://oq.gov.kz/en/qazalemnews/1113
kaz-1f5957f35c2c,Adilet Turtemir,Adilet Turtemir;Adlet Turtemir;Turtemir Adilet,The IBO result variants Adlet Turtemir and Turtemir Adilet match the accepted self-authored profile's Adilet Turtemir spelling and continuous UNIST biology trajectory.,https://www.linkedin.com/in/adilet-turtemir-891b911b0/
kaz-eebfbe6a6de9,Yenlik Bakytbekova,Yenlik Bakytbekova;Enlik Bakytbekova,The IChO registry uses Yenlik Bakytbekova while NIS Almaty-Nauryzbay uses the Enlik transliteration for the same 2025 silver medalist and Cambridge scholarship recipient.,https://schools.nis.edu.kz/ru/school/nzm-almaty-nauryzbay/news/1899
kaz-2c50f8bc247c,Viatcheslav Muravev,Viatcheslav Muravev;Viacheslav Muravev;Вячеслав Муравьев,The IPhO registry uses Viatcheslav Muravev while the age-compatible rare-name physics profile and current ISSP publications use Viacheslav Muravev and the Russian Academy biography uses Вячеслав Муравьев.,https://poisknews.ru/wp-content/uploads/candidates/info/ran_b195b49d.pdf
kaz-69e7f14df70f,Alexey Doktorovich,Alexey Doktorovich;Alexey Doctorovich,"Official IMO records place exact-name Alexey Doktorovich on Kazakhstan's 1999 team and Israel's 2000 team; later Microsoft sources use the single-letter Doctorovich transliteration in Israel.",https://www.imo-official.org/results/individual/country/ISR/
kaz-8b1c1fe467bb,Zhandos Seksembayev,Zhandos Z. Seksembayev;Zhandos Seksembayev;Zhandos Berikkaliyevich Seksembayev,"The rare exact name, Kazakhstan physics field, and age-compatible 2006 school-Olympiad to 2010-2011 ENU student chronology support one identity. The IPhO record's unexplained Z. initial differs from the later Berikkaliyevich patronymic, so the match remains probable.",https://tuymaada.lensky-kray.ru/wp-content/uploads/2020/07/Tujmaada-25-years.pdf
kaz-4a80af9daaab,Dair Nurtayev,Dair Nurtayev;Dair Nurtaev,"The IPhO registry uses Dair Nurtayev while MIPT's first-year student roster uses the Russian surname-first form Нуртаев Даир in the immediately following academic year; the identity remains probable because neither source explicitly cross-references the other.",https://lab.globaluni.ru/upload/%D0%9A%D0%B0%D1%84%D0%B5%D0%B4%D1%80%D0%B0%20%D0%BE%D0%B1%D1%89%D0%B5%D0%B9%20%D1%84%D0%B8%D0%B7%D0%B8%D0%BA%D0%B8/%D0%9E%D0%BB%D0%B8%D0%BC%D0%BF%D0%B8%D0%B0%D0%B4%D0%B0/%D0%A1%D0%A2%D0%9E_2024.pdf
kaz-7774ad796e6c,Askerbek Zhaxylykov,Askerbek Zhaxylykov;Askerbek Zhaksylykov,"The IChO registry's Zhaxylykov spelling and Kazakhstan career sources' Zhaksylykov and Cyrillic spellings refer to the same rare-name MSU chemistry alumnus from Almaty; the current executive outcome remains probable because no source explicitly mentions the IChO result.",https://www.e-xecutive.ru/users/69833-askerbek-zhaksylykov
kaz-7923131239ad,Demeu Shakhanov,Shakhanov Demeu;Demeu Shakhanov;Шаханов Демеу;Шаханов Демеу Темирбекович,"The official IBO report uses surname-first Shakhanov Demeu; the rare exact-name Astana profile and full-name Kazakhstan company and university records use Demeu Shakhanov and the Cyrillic full name. The adult identity bridge remains probable.",https://kz.linkedin.com/in/demeu-shakhanov-472a15261
kaz-7e2cf66f126f,Rafael Mavlyukeyev,Rafael Mavlyukeyev;Mavlyukeyev Rafael;Рафаэль Мавлюкеев;Мавлюкеев Рафаэль Ринатович,"The IPhO registry's Rafael Mavlyukeyev spelling and the age-compatible Moscow race and business records' Cyrillic spellings form a rare-name probable match; no adult source explicitly mentions the Olympiad.",https://probeg.org/race/74199/
kaz-51f03f3fb603,Almas Sakhauyev,Almas Sakhauyev;Almas Sakhavyev;Сахауев Алмас,RFMS's official international-Olympiad archive records Сахауев Алмас in mathematics in 1998 while the official IMO registry records Almas Sakhavyev for Kazakhstan in the same event and year; the rare exact identity establishes a transliteration variant.,https://almaty.fizmat.kz/ru/muzey/uchastniki-mezhdunarodnykh-olimpiad/
kaz-514026a01ba3,Yerlan Jumabayev,Yerlan Jumabayev;Жумабаев Ерлан,RFMS's official international-Olympiad archive records Жумабаев Ерлан in mathematics in 1997 while the official IMO registry records Yerlan Jumabayev for Kazakhstan in the same event and year.,https://almaty.fizmat.kz/ru/muzey/uchastniki-mezhdunarodnykh-olimpiad/
kaz-b8e3ad83d883,Andrey Drobakh,Andrey Drobakh;Andrei Drobakh;Дробах Андрей,Kazinform and Pavlodar school reporting use Andrei and Андрей Дробах for the same School-Lyceum No. 8 student later recorded as Andrey Drobakh in Kazakhstan's 2011 IMO team.,https://www.inform.kz/ru/zoloto-i-serebro-mezhdunarodnyh-matematicheskih-olimpiad-zavoeval-pavlodarec-andrey-drobah_a2358809
kaz-e8eb1ebde919,Anton Sedletskiy,Anton Sedletskiy;Anton Vladimirovich Sedletskiy;Седлецкий Антон;Седлецкий Антон Владимирович,A 2016 South Ural State University competition roster records full-name Седлецкий Антон Владимирович at Pavlodar School-Lyceum No. 8 while Kazakhstan's science portal and IPhO results independently align the same school chronology with Anton Sedletskiy.,https://web.archive.org/web/20171208163212id_/http://zv.susu.ru/attachments/article/24/%D1%8F%D0%B4%D0%B5%D1%80%D0%BD%D0%B0%D1%8F%20%D1%8D%D0%BD%D0%B5%D1%80%D0%B3%D0%B5%D1%82%D0%B8%D0%BA%D0%B0%20%D0%B4%D0%BE%D0%BF%D1%83%D1%81%D0%BA.pdf
kaz-32cf54f8673f,Oleg Obukhov,Oleg Obukhov;Олег Обухов,The Kokshetau Kazakh-Turkish Lyceum archive records Олег Обухов as its 2006 IBO bronze medalist while the official IBO results record Oleg Obukhov for Kazakhstan in 2006 and 2007.,https://k-t-l.narod.ru/we/success.html
kaz-1e390288b2cc,Danil Murtazin,Danil Murtazin;Данил Муртазин;Даниил Муртазин,The official IPhO record lists Danil Murtazin while an Aktau School-Gymnasium No. 4 retrospective identifies its 2001 international physics gold medalist as Муртазин Даниил; the reviewed forms are spelling variants of the same contestant.,https://www.lada.kz/sms_news/6463-otkrytoe-pismo-roditeley-shkoly-gimnazii-4.html
kaz-fc88fa90b799,Aset Iskakov,Aset Iskakov;Asset Iskakov,"A Kazakhstan chemistry-Olympiad history identifies Aset Iskakov as the 2002-2003 IChO medalist who entered METU in 2003; the Asset spelling variant's public profile records the same rare-name 2003-2007 METU Petroleum Engineering timeline.",https://kz.linkedin.com/in/asset-iskakov-805a34a4
kaz-863407f79649,Arman Yesenamanov,Arman Yesenamanov;Arman Yessenamanov,"CPHOF identifies Arman Yesenamanov as Kazakhstan's 2008 IOI contestant, links his rmn Codeforces account, and records the same person as Arman Yessenamanov on KBTU's 2011 ICPC World Finals team.",https://cphof.org/profile/topcoder:army
kaz-88a74ae3e050,Nurlan Zhussipov,Nurlan Zhussipov;Nurlan Zhussupov,"CPHOF links the IOI contestant to the NurlashKO handle; the exact-handle GitHub account uses the full name Nurlan Zhussupov and the same software-development identity.",https://github.com/NurlashKO
