finding_id,affected_person_ids,affected_names,review_scope,severity,issue,root_cause,correction,prevention,evidence_urls,status,reviewed_at
undated-directory-current-semantics,"kaz-0869880ec7a7;kaz-0bab17661adc;kaz-0f47bbbea1f0;kaz-22487c0da1b1;kaz-28588384ab57;kaz-329a330cca14;kaz-36f5d4e0f896;kaz-42799b8826c4;kaz-42eef016184c;kaz-4357b3307079;kaz-444dd6943eb0;kaz-518d651456c7;kaz-569883c06e81;kaz-59a056858c02;kaz-5b00b5124ff5;kaz-663572d0d26e;kaz-674fe7c75a81;kaz-67db791fca33;kaz-69f40396a2e9;kaz-6e64602de321;kaz-74fe1fe53ea1;kaz-776ae509d19e;kaz-7b9356cf00a8;kaz-7e3271c82f49;kaz-860c6f9abbfa;kaz-863407f79649;kaz-88a74ae3e050;kaz-9aa80e862003;kaz-9b09f062bfeb;kaz-a8612d505db7;kaz-aec3847e43a0;kaz-af55ed678a4e;kaz-b045af74dc39;kaz-b893faccd3fc;kaz-bda0b6a1ab68;kaz-c1c692af0296;kaz-c1c8ab962b25;kaz-c6c074aef2cf;kaz-ce2eeb5d3d04;kaz-d1a89ad778a3;kaz-da119ef48a6d;kaz-dcb24ecb815a;kaz-e97b6a989458;kaz-f1194a0f246c;kaz-f394810a66fa;kaz-f4ec7f952510;kaz-f7400a612d63;kaz-f8f0e6bb7675","48 people with accepted Codeforces or CPHOF organization snapshots",full_affiliation_chronology_scan,medium,"Seventy-one roleless Codeforces or CPHOF organization snapshots were labeled current despite containing no dates or chronology.","The shared affiliation helper treated every blank end date as ongoing, although competitive-programming directories expose an organization label rather than a dated employment or education interval.","Retained all 71 source-linked organizations as searchable history but removed their unsupported current flags; published destinations are unchanged.","The history builder now treats roleless dateless Codeforces and CPHOF records as non-chronological, with focused regression coverage and a validation invariant.","https://codeforces.com/;https://cphof.org/",resolved,2026-08-12
canonical-participant-url-drift,"kaz-b788eb650e7a;kaz-09e9190640e1;kaz-c8b296e6cadb","Nurgali Arystanov;Vitaliy Tsvayer;Margulan Sharel",full_verified-source-link_scan,high,"Three manually verified rows cited direct IMO contestant IDs that did not match the canonical participation registry; two affected profiles were in the random audit sample.","Manual career overlays retained stale or mistyped contestant URLs, while validation checked URL shape and traceability but not person-level agreement with the canonical registry.","Replaced all three URLs with the canonical direct contestant links already attached to each participant record.","Validation now cross-checks every direct IMO contestant URL in verified evidence against the same person's canonical participation URLs; regression coverage fixes all three IDs.","https://www.imo-official.org/results/contestant/4012/;https://www.imo-official.org/results/contestant/4962/;https://www.imo-official.org/results/contestant/33250/",resolved,2026-08-12
malformed-affiliation-organization,"kaz-6bd1daf828d9;kaz-f721e7240925;kaz-5a5848e42390;kaz-8c9c1b2b81a6","Amir Pshenbayev;Darkhan Akzholov;Kuandyk Altynkhanov;Mikhail Okhin",full_affiliation_shape_scan,medium,"Four extracted affiliation rows used a date fragment or full degree sentence as the organization; one appeared as a duplicate selected alma mater.","Fallback heading recovery accepted organization-shaped text without rejecting embedded date ranges or degree-at-university sentences already represented by a correctly parsed row.","Removed the four malformed rows while retaining the canonical Imperial, RFMS, UNIST, and East Kazakhstan Technical University records.","The affiliation parser now rejects embedded year ranges and degree-at-institution sentences as organization values; regression coverage and validation scan organization shape.","https://kz.linkedin.com/in/amir-pshenbayev-6a412b206;https://kz.linkedin.com/in/darkhan-akzholov-b0399151;https://linkedin.com/in/kuandyk-altynkhanov-9b591ba9;https://linkedin.com/in/mikhail-okhin-109129148",resolved,2026-08-12
sampled-alma-ingestion-gap,kaz-5c429c277917,Askhat Zhalgasov,random_sample,medium,"Askhat's accepted destination source listed HKU and CUHK degrees, but his alma-mater column was empty.","Affiliation history extracts accepted LinkedIn and structured adapters automatically, while this reviewed third-party career source had been used only for the destination row.","Added sourced University of Hong Kong master's and Chinese University of Hong Kong bachelor's history records; the official HKU scholarship roster independently corroborates the master's program.","The random review continues to compare alma-mater output against every accepted destination source, including non-LinkedIn public career profiles.","https://www.signalhire.com/profiles/askhat-zhalgasov/249914809;https://saasresearch.hku.hk/share/info/Scholarship_website_awardees_2324_Subject_prize_2425_entrance_lifelong%2Boutstanding.pdf",resolved,2026-08-12
third-party-profile-source-clobber,kaz-07372798186f,Rakhim Baimurzin,random_sample,high,"A third party's LinkedIn page occupied Rakhim's primary-profile field and temporarily removed his parsed Nazarbayev University alma mater.","Destination evidence and person-profile identity were conflated in both the review override and the durable career-evidence field; the assembler had no own-profile versus third-party /in/ distinction.","Kept the third-party founder-team page only as destination evidence while publishing Rakhim's own LinkedIn as both profile_url and linkedin_url; Nazarbayev University history and alma mater are restored.","The assembler now detects differing LinkedIn profile slugs, prefers the alumnus's accepted own profile, and validation plus regression tests reject future third-party profile replacement.","https://kz.linkedin.com/in/baimurzzin;https://kz.linkedin.com/in/adil-mimenbayev-838991351",resolved,2026-08-12
stale-undated-student-headline,kaz-6e64602de321,Aman Sariyev,random_sample,high,"An undated Student headline was published as current Nazarbayev University education even though the same profile dated its bachelor's to 2014-2018 and master's to 2018-2020.","The reviewed overlay trusted headline tense without reconciling it against the profile's explicit completed degree dates.","Changed the destination to history-only and retained the sourced 2018-2020 computer-science master's as alma-mater history; the unsupported current Kazakhstan outcome country was removed.","Validation rejects undated current-education summaries when the same institution has a selected degree ending before the data year.","https://linkedin.com/in/aman-sariyev",resolved,2026-08-12
identity-source-bridge,kaz-9f8b5c60daf2,Kairat Akhmetov,full_dataset,high,"Candidate namesake affiliations could enter a confirmed person's history.","The affiliation filter tested the person's best identity globally instead of requiring a probable or confirmed identity bridge on the affiliation's own source.","Removed unsupported namesake ORCID affiliations and required a source-local identity bridge.","Dataset validation now rejects every structured affiliation without a probable or confirmed identity on the same source URL.","https://orcid.org/0000-0001-7188-5422;https://materials.proxyvote.com/Approved/356390/20240724/NOMNP_582615.PDF",resolved,2026-08-12
doctoral-researcher-classification,kaz-ce11e3134fa1,Baizak Kudaibergenov,random_sample,high,"An active Doctoral Researcher was displayed as employment rather than as a PhD student.","The role classifier recognized PhD Student and Doctoral Candidate but not Doctoral Researcher.","Classified active doctoral-researcher roles as education and published Khalifa University / PhD Student in Biomedical Engineering.","Regression tests distinguish doctoral researchers from postdoctoral researchers; validation rejects active doctoral-researcher employment destinations.","https://linkedin.com/in/baizaq;https://www.ku.ac.ae/college-people/ahsan-habib-khandoker",resolved,2026-08-12
stale-doctoral-current,kaz-47792c0edb59,Adil Kabylda,downstream_class_check,high,"A completed PhD role remained the current destination after the January 2026 defense.","The accepted LinkedIn experience heading was stale and no newer official destination review had overridden it.","Superseded the doctoral role with University of Luxembourg / Postdoctoral Researcher from 2026.","Every extractable LinkedIn current organization must now match the published destination or have an explicit destination/source-precedence review.","https://linkedin.com/in/kabylda;https://www.uni.lu/fstm-en/people/adil-kabylda/",resolved,2026-08-12
alumni-current-semantics,kaz-1deffa0c0a86,Vadim Murzin,random_sample,high,"DESY was presented as an open-ended current role even though its current staff page lists the person under Alumni.","An open-ended ORCID affiliation and the word Scientist outweighed the alumni section semantics.","Bounded the DESY scientist outcome to 2015-2024 and labeled its Hamburg location last verified in 2024.","Validation rejects alumni-labeled current destinations; historical destination locations carry a last-verified year.","https://photon-science.desy.de/facilities/petra_iii/beamlines/p64_advanced_xafs/contact__staff/index_eng.html;https://bib-pubdb1.desy.de/record/622088/export/print?ln=en",resolved,2026-08-12
undated-summary-precedence,kaz-209930256d24,Yerzhigit Tolebekov,full_linkedin_reconciliation,high,"An undated Premix Pro summary displaced an explicit current founder role.","The old manual summary had no end date and was therefore ranked as current despite its source not establishing current employment.","Superseded it with MUSAB / CONTROLS / Managing Director and Founder from 2014.","Accepted-profile current organizations are reconciled against the final destination and unexplained mismatches fail validation.","https://linkedin.com/in/yerzhigit-tulebekov-6096b180;https://farabi.university/storage/files/280775433965e7f8a0376b3254557968_%D0%BA%D0%B0%D0%B1%D1%83%D0%BB%D0%BE%D0%B2%20%D0%B0%D0%BD%D0%B3.pdf",resolved,2026-08-12
parent-organization-normalization,kaz-0836a1c9d21b,Yerlan Bissenov,full_linkedin_reconciliation,medium,"The profile's Center for Pedagogical Measurements employer did not match its Nazarbayev Intellectual Schools destination.","The organization registry lacked the profile's long-form subsidiary-under-parent wording.","Mapped both quoted and unquoted Center for Pedagogical Measurements forms to Nazarbayev Intellectual Schools (NIS).","A normalization regression test covers the exact public-profile wording; the reconciliation table uses canonical organization names.","https://linkedin.com/in/yerlan-b-887a4336",resolved,2026-08-12
conflicting-current-source-precedence,"kaz-dd3a643dd7b7;kaz-310c08212560;kaz-8fe9da4c845a;kaz-9f8b5c60daf2;kaz-3bb636937f0d;kaz-bcd45c045c97","Aiganym Baltashova;Anton Morgunov;Azamat Abilkhanov;Kairat Akhmetov;Raiymbek Akshulakov;Kairat Zhubayev",full_linkedin_reconciliation,medium,"Six accepted profiles exposed short programs, stale roles, concurrent roles, or ambiguous overlapping employers that differed from the single published destination.","A single destination cannot be selected mechanically when profile headings conflict with newer official evidence or concurrent affiliations.","Recorded an explicit per-person source-precedence decision, retaining active degree status or the strongest newer/current official source.","Validation requires a destination review or URL-specific outcome decision whenever an accepted profile's parsed current organization differs from the published destination.","https://linkedin.com/in/aiganym-baltashova;https://chem.yale.edu/posts/2026-07-01-chemistry-phd-graduate-profiles;https://www.rominserv.com/en/who-we-are;https://ftel.kz/corporate-innovation/;https://www.armeta.ai/company/team/;https://linkedin.com/in/kairat-zhubayev-150785174",resolved,2026-08-12
official-role-and-alma-gap,kaz-c91345744362,Temirlan Ismagulov,full_dataset,medium,"The outcome omitted the exact current teaching role and university history despite direct institutional sources.","The earlier source set did not combine the employer's current staff report with the university's thesis repository.","Published NIS Physics Teacher as the destination and Nazarbayev University as alma mater with Kazakhstan location evidence.","Destination and alma-mater builders retain distinct official sources; regression coverage fixes the role and institution.","https://schools.nis.edu.kz/en/school/nzm-astana-nura/news/2303?menu=4&parent_menu=4;https://nur.nu.edu.kz/items/86a10e4c-8685-4d44-b3d3-7d8c00c39682",resolved,2026-08-12
same-employer-stale-role,"kaz-c9401ed42eb0;kaz-253b9dc2b33d","Anuar Nurtazin;Nurlan Algashev",full_linkedin_role_reconciliation,high,"Two published destinations matched the profile employer but retained a generic or ended role title.","Organization-only reconciliation treated a same-employer match as sufficient and did not compare the selected role against dated current profile roles.","Published Anuar's 2024 Sports Financing Model Project consultant role and Nurlan's 2025 WHO Cyprus consultant role.","The LinkedIn reconciliation now audits current roles separately from organizations and validation rejects unexplained same-employer role mismatches.","https://kz.linkedin.com/in/anuarnurtazin01;https://linkedin.com/in/nurlan-algashov",resolved,2026-08-12
bounded-education-ambiguity,"kaz-477ae2fd5dbc;kaz-92adb8a08f0e;kaz-07372798186f;kaz-cc4a2f7877ce","Alikhan Kudaibergenov;Nurgul Yegenbergenova;Rakhim Baimurzin;Timur Murat",full_linkedin_role_reconciliation,medium,"Four education records ending in 2026 conflicted with history-only, incoming-university, or post-graduation outcomes.","A bounded education record remains active through its graduation year, but dates alone cannot establish whether the person is still enrolled, has graduated, or has a newer destination.","Recorded source-specific decisions preserving two history-only rows, Nurgul's officially confirmed incoming MIT destination, and Rakhim's post-graduation Desargues AI headline.","Bounded active education now participates in reconciliation and every conflict requires an explicit source-precedence decision.","https://linkedin.com/in/alikhan-kudaibergenov-27726a154;https://nurorda.edu.kz/en/about/media/news/slug-6ew3h0Z5g6YuO57YLLcEMjVYpFxgCABj;https://kz.linkedin.com/in/baimurzzin;https://qazinform.com/news/kazakhstan-wins-6-medals-at-imo-330ec7",resolved,2026-08-12
unresolved-country-overreach,"kaz-01654d909e91;kaz-af55ed678a4e;kaz-1b79632fc187;kaz-e2c1785c3b0f;kaz-477ae2fd5dbc;kaz-863407f79649;kaz-a875a18e20f1;kaz-5a5848e42390;kaz-88a74ae3e050;kaz-a242fdf22bda;kaz-f7400a612d63;kaz-0869880ec7a7;kaz-24cc764a8eaf;kaz-f67bd98affb8;kaz-aec3847e43a0;kaz-56660a53cf0d;kaz-d1fb5b8f648d;kaz-444dd6943eb0;kaz-17b78d6e8c0f","Abylay Shakhizadayev;Aibek Myrzatay;Aigerim Turuspekova;Alexey Tsekhovoy;Alikhan Kudaibergenov;Arman Yesenamanov;Kazhymurat Aknazar;Kuandyk Altynkhanov;Nurlan Zhussipov;Nursultan Pangsat;Rizabek Alpamys;Sanzhar Bidaibek;Shapagat Berdibek;Taiman Sabyrgaliyev;Temirkhan Zimanov;Timur Ratnikov;Ulan Usserkulov;Vyacheslav Kim;Yernar Tursynbay",full_country_reconciliation,high,"Nineteen people without a resolved destination inherited a country from a generic profile, historical school, or affiliation record.","The location builder ranked career and affiliation country evidence without first gating it by destination status, so stale context could look like a present outcome country.","Removed the nineteen unsupported values; unresolved people now receive a country only from an explicit historical outcome or current research affiliation, while Vyacheslav Kim's new consulting destination intentionally remains country-unknown.","Regression tests enforce the unresolved-destination evidence allowlist and validation continues to require a direct source for every published country.","https://linkedin.com/in/alikhan-kudaibergenov-27726a154;https://codeforces.com/profile/sancho;https://slv.io/",resolved,2026-08-12
reviewed-affiliation-precedence,"kaz-d272c7de9446;kaz-36fb8d2c335b;kaz-1deffa0c0a86","Timur Zhiyentayev;Zeinul-Gabiden Kazhkenov;Vadim Murzin",full_affiliation_history,high,"Weaker open-ended history rows remained marked current beside source-reviewed bounded outcomes for the same organization.","Affiliation deduplication compared exact role and date keys, so a generic manual summary or roleless structured row did not collide with the reviewed destination row.","Destination-review precedence now demotes same-organization manual summaries, roleless records, and alumni rows while preserving a genuinely newer explicit current role.","A focused regression test covers bounded and later-current records; dataset validation rejects any remaining weaker current row that contradicts a destination review.","https://medium.com/%40tima103/how-to-get-more-paying-users-with-user-friendly-paywall-part-ii-8e09766f62eb;https://kz.linkedin.com/in/zeinul-gabiden-kazhkenov-23203052;https://photon-science.desy.de/facilities/petra_iii/beamlines/p64_advanced_xafs/contact__staff/index_eng.html",resolved,2026-08-12
undated-orcid-current-semantics,"kaz-236abc470fa7;kaz-a55fa73a7d5f;kaz-ae7bbfa79815;kaz-9208d8d1b297","Adilet Abu;Anna Zavalishina;Azamat Smagulov;Vladimir Lim",full_affiliation_history,medium,"Roleless ORCID employment records with neither start nor end dates were labeled current.","The shared current-state helper interpreted every blank end date as ongoing, although an undated ORCID affiliation establishes association but not chronology.","Kept the four ORCID affiliations as searchable history but no longer marks them current; dated open ORCID records remain eligible.","The history builder has a source-specific conservative rule and validation rejects undated roleless ORCID employment marked current.","https://orcid.org/0009-0000-5216-6430;https://orcid.org/0009-0007-7163-4771;https://orcid.org/0009-0001-6905-2322;https://orcid.org/0009-0001-6746-8084",resolved,2026-08-12
blank-destination-role,"kaz-2a649bf1de05;kaz-d9616cfe0fb5;kaz-07372798186f","Sultan Aitekenov;Nurlykhan Kopenov;Rakhim Baimurzin",full_destination_scan,medium,"Three resolved employment destinations displayed an empty role.","The destination contract required an organization but allowed a blank role when public profile text exposed only an employer or headline.","Added narrowly sourced descriptive roles: Provincial Government Employee, CoBALT Team Member, and Desargues AI Founding Team Member, with review notes stating where formal titles remain undisclosed.","Validation now rejects every resolved destination without a role, and the destination-review ledger preserves each descriptive-label rationale and direct source.","https://www.linkedin.com/posts/sultan-aitekenov_i-created-this-map-to-illustrate-the-concentration-activity-7437493791571439617-40_4;https://kr.linkedin.com/company/cobalt-inc;https://kz.linkedin.com/in/adil-mimenbayev-838991351",resolved,2026-08-12
handle-linked-alias-discovery,kaz-444dd6943eb0,Vyacheslav Kim,deep_unresolved_refresh,medium,"Exact-name searches missed Vyacheslav Kim's current outcome because his public career presence uses Slava Kim and the imslavko handle.","The first identity pass did not traverse the official IOI-to-CPHOF handle bridge into self-authored profiles and alias forms.","Merged Slava Kim as a reviewed alias and published his self-employed software-engineering consulting destination, MIT degree, and ended Figma history from his handle-linked site.","Cross-source review now records handle-supported alias merges, while the canonical registry and source ledger retain the official-name and self-authored links.","https://stats.ioinformatics.org/people/2474;https://cphof.org/profile/codeforces:imslavko;https://slv.io/",resolved,2026-08-12
identity-outcome-conflation,"kaz-514026a01ba3;kaz-51f03f3fb603;kaz-1e390288b2cc;kaz-32cf54f8673f;kaz-e8eb1ebde919;kaz-822bb4ee42e0;kaz-a4eaedad760e","Yerlan Jumabayev;Almas Sakhauyev;Danil Murtazin;Oleg Obukhov;Anton Sedletskiy;Akezhan Askar;Batyr Yerzhanuly",deep_unresolved_refresh,high,"Seven contestants with direct school-to-Olympiad identity bridges remained labeled unmatched because no later career or university destination was known.","The verified-evidence contract conflated identity resolution with outcome resolution and could not represent a reviewed person whose destination remained unknown.","Published the seven identities as confirmed while retaining blank organization, role, country, and destination fields; historical school affiliations remain searchable history only.","The assembler, affiliation builder, audit manifest, and validator now model identity-only evidence separately, prohibit partial blank affiliations, and require identity_verified traceability without final-outcome evidence.","https://almaty.fizmat.kz/ru/muzey/uchastniki-mezhdunarodnykh-olimpiad/;https://www.lada.kz/sms_news/6463-otkrytoe-pismo-roditeley-shkoly-gimnazii-4.html;https://k-t-l.narod.ru/we/success.html;https://nauka.kz/page.php?lang=1&news_id=6795&page_id=893;https://trz.nis.edu.kz/en/school/nzm-semei/news/1362;https://www.nis.edu.kz/kk/news/ibo-2025-nis-oqusylary-biologiiadan-alemdik-dodada-top-zardy",resolved,2026-08-12
olympiad-career-chronology-gate,"kaz-1e83de167408;kaz-514026a01ba3;kaz-32cf54f8673f","Ekrem Mahmudov;Yerlan Jumabayev;Oleg Obukhov",deep_unresolved_refresh,high,"Three tempting exact-name Exa profiles had strong Kazakhstan, subject, or RFMS-adjacent signals but incompatible education chronology.","Search ranking over-weighted name, country, and domain continuity without treating tertiary study before a school Olympiad as a hard identity conflict.","Rejected the age-incompatible Akram Makhmudov, young Yerlan Zhumabayev, and older Oleg Obukhov profiles; kept a separate age-plausible Jupiter-K profile deferred because it still lacks an explicit bridge.","Every old-competitor candidate now receives an education-start chronology check before identity acceptance, and rejected URLs remain source-linked in the audit ledger.","https://www.goszakup.gov.kz/ru/registry/show_supplier/101250;https://linkedin.com/in/yayz0;https://www.linkedin.com/in/olegobukhov",resolved,2026-08-12
sample-review-auto-attestation,"kaz-69e7f14df70f;kaz-60a5906be728;kaz-612c627fb60c;kaz-5520c02c8f31;kaz-2be498890319;kaz-694369c06874;kaz-be6c0520f71e;kaz-3e91bdc28e40;kaz-7720cc1cbeae;kaz-8282f3ec5f44;kaz-1d6bad0a9a90;kaz-dc581aaabaee;kaz-cb653a13b10b;kaz-01654d909e91;kaz-ce11e3134fa1;kaz-c91345744362;kaz-dc3a6a35b589;kaz-f67bd98affb8;kaz-40e246e1831e;kaz-d3e4616882fd;kaz-449a09030208;kaz-8b1c1fe467bb;kaz-860c6f9abbfa;kaz-590a5fc8e66b;kaz-674cd62ab22c;kaz-7907a5491483;kaz-9f8b5c60daf2;kaz-51f03f3fb603;kaz-09e9190640e1;kaz-5b00b5124ff5;kaz-c884dd65cdc8;kaz-d6415e08acc5;kaz-c9401ed42eb0;kaz-0f8fdc911846;kaz-36fb8d2c335b;kaz-fc8646c120d2;kaz-61c6139b5eb9;kaz-79f187c010c6;kaz-264dfb257029;kaz-1165d71f2850;kaz-1b79632fc187;kaz-80e9320bcf5e;kaz-822bb4ee42e0;kaz-f67b534425a5;kaz-08fb4ba7d2f0;kaz-1a21d28a2426;kaz-21741893c5a2;kaz-da119ef48a6d","The 48-person round-three sample",audit_methodology,critical,"The review generator marked every sampled row pass or pass_after_correction without consuming a persisted review decision.","Review status was synthesized from code defaults and a hard-coded correction-note map, so generation itself impersonated manual attestation.","Replaced auto-pass values with a separate decision ledger keyed by seed person and a fingerprint of every displayed claim and source; absent or stale decisions now emit pending.","Validation rejects pending rows, missing review depth, or missing fingerprints; any destination source country alma mater profile or reconciliation change invalidates the old decision automatically.","data/profile_sanity_review_decisions.csv;scripts/build_profile_sanity_review.py",resolved,2026-08-12
stale-role-after-departure,kaz-612c627fb60c,Daniyar Kelbetov,random_sample,high,"AIFC was still published as Daniyar's current destination even though his accepted profile ended both AIFC roles in March 2025.","An older undated verified summary overrode the bounded profile chronology, while no reconciliation rule challenged a published open role when the profile parsed only ended employment.","Bounded AIFC history through 2025 and replaced the destination with Contango Trade CEO from AFSA's active February 2026 public register.","LinkedIn reconciliation now labels an ended matching profile organization against an open published destination unreconciled unless a newer destination review or source-precedence decision exists.","https://kz.linkedin.com/in/daniyar-frm;https://www.linkedin.com/posts/daniyar-frm_aifc-activity-7307745665122553856-MSjj;https://publicreg.myafsa.com/details/260240901629/",resolved,2026-08-12
accepted-source-alma-omission,"kaz-674cd62ab22c;kaz-8282f3ec5f44;kaz-d6415e08acc5;kaz-fc8646c120d2;kaz-80e9320bcf5e;kaz-860c6f9abbfa","Aibatyr Zhumagulov;Almas Rymov;Beket Zhapbasbay;Zhandos Yessenbayev;Nazym Nurlanovna Bashkenova;Sanzhar Orazbayev",random_sample,high,"Six sampled profiles showed no alma mater although accepted employer university or paper sources explicitly contained postsecondary education.","The affiliation builder ingested structured profiles and an explicit manual ledger but did not extract arbitrary biography paragraphs already accepted for destination or identity claims.","Added source-linked university records with cautious credential wording: attendance remains attendance where completion was not stated and all three of Zhandos's degrees are retained separately.","The fingerprinted sample review now forces education inspection after accepted-source changes; manual affiliation evidence remains the structured auditable bridge for prose-only sources.","https://hcsbk.kz/%D0%96%D0%A1%D0%A1%D0%91_EN_2016.pdf;https://dspace.sunyconnect.suny.edu/bitstreams/0efb7937-1a28-4ad0-803f-380ad32c959f/download;https://rcez.kz/departmentdirectorinformationsecurity;https://nur.nu.edu.kz/server/api/core/bitstreams/4dd067e1-8247-43b4-907d-24ae261079b8/content;https://www.pediatricassociates.com/pediatric-office/winter-springs-fl-town-center/pediatricians/nazym-bashkenova-md;https://www.naturalspublishing.com/files/published/d7lg766m627wtw.pdf",resolved,2026-08-12
destination-source-claim-mismatch,"kaz-9f8b5c60daf2;kaz-694369c06874","Kairat Akhmetov;Baurzhan Urgunshbayev",random_sample,medium,"The selected destinations were correct but their primary career URLs did not directly state the displayed current role.","Identity and location bridge sources had been reused as destination evidence even when a separate official page or accepted profile carried the actual employer and title claim.","Promoted Freedom Telecom's current CEO page and Baurzhan's accepted METAPHORA Technical Lead profile into explicit destination reviews while retaining the prior bridge sources.","Sample review checks source-to-claim fit separately from logical value agreement; destination reviews make the exact role-bearing source first-class audit evidence.","https://ftel.kz/en/ethical-principles/;https://kz.linkedin.com/in/baurzhan-urgunshbayev-143a68104",resolved,2026-08-12
cross-handle-destination-gap,kaz-860c6f9abbfa,Sanzhar Orazbayev,random_sample,medium,"Sanzhar remained history-only at Khan Group despite a direct Olympiad-linked university paper and a traceable current software-company directorship.","The initial pipeline stopped at a roleless Codeforces organization and did not traverse two same-domain GitHub handles through Zapis.kz's full-patronymic registry bridge to UMAG's current director record.","Published UMAG Director as probable with Almaty location and KBTU bachelor's history; every link in the multi-step identity chain is retained in the evidence rationale.","Handle and personal-domain continuity is now treated as a candidate expansion path, but final publication still requires an independent named bridge and keeps probable confidence when no single source joins Olympiad and current role.","https://www.naturalspublishing.com/files/published/d7lg766m627wtw.pdf;https://github.com/sanzharkz;https://github.com/sanzharo;https://www.gov.kz/memleket/entities/karaganda/press/news/details/469887;https://fa-fa.kz/company_info/?bin=180440023890;https://apiba.prgapp.kz/GetCompanyPdf?companyId=170740010868",resolved,2026-08-12
dead-organization-location-source,kaz-61c6139b5eb9,Alikhan Zhumagaleyev,random_sample,medium,"The CUHK country source returned a true 404 during the sampled source-link sweep.","The university changed the campus-page slug after the organization-location registry was created and no periodic link audit had refreshed it.","Replaced the dead URL with CUHK's current official campus page without changing the Hong Kong country value.","The random review includes direct link-status sampling and records anti-bot responses separately from genuine 404s so inaccessible LinkedIn pages are not mislabeled broken.","https://www.cuhk.edu.hk/english/campus/campus.html",resolved,2026-08-12
bounded-profile-role-leak,"kaz-fc88fa90b799;kaz-dcb24ecb815a;kaz-c6c074aef2cf","Aset Iskakov;Temirlan Amangeldinov;Temirlan Baibolov",full_linkedin_chronology_scan,high,"After the new chronology guard was enabled, three additional published destinations were found to look current despite accepted profiles giving explicit end dates.","The final destination could correctly be the latest known historical role, but blank end years in older manual overlays erased the distinction between latest-known and current employment.","Preserved Aset's already bounded 2014-2017 SLB outcome through an explicit review and bounded Temirlan Amangeldinov's Seoul Robotics role to 2022 and Temirlan Baibolov's HARBOUR.SPACE role to 2024; country labels now say last verified.","Every accepted profile with an ended row matching the selected destination now requires matching bounded output or an explicit newer-source reconciliation.","https://kz.linkedin.com/in/asset-iskakov-805a34a4;https://kz.linkedin.com/in/temirlan-amangeldinov;https://kz.linkedin.com/in/bthero",resolved,2026-08-12
competition-affiliation-alma-overreach,"kaz-863407f79649;kaz-da119ef48a6d;kaz-ce2eeb5d3d04;kaz-88a74ae3e050;kaz-f1194a0f246c;kaz-c6c074aef2cf","Arman Yesenamanov;Batyr Sardarbekov;Nazarbek Altybay;Nurlan Zhussipov;Parassat Kyzyrkanov;Temirlan Baibolov",full_alma_mater_scan,medium,"Six roleless university labels from competitive-programming directories were selected as alma maters even though the sources proved contest affiliation rather than enrollment or a degree.","The alma selector treated a university-shaped organization name as postsecondary education without considering that Codeforces and CPHOF organization fields are undated team metadata.","Kept the source-linked organizations in searchable history but excluded roleless Codeforces and CPHOF rows from alma-mater selection; independently dated LinkedIn and manual degree rows remain eligible.","The affiliation classifier now has a source-specific competition-directory gate with regression coverage, mirroring the existing conservative chronology rule for these sources.","https://cphof.org/;https://codeforces.com/",resolved,2026-08-12
profile-education-section-absence,kaz-da119ef48a6d,Batyr Sardarbekov,full_linkedin_alma_scan,medium,"Batyr's accepted LinkedIn profile had no education section, while the prior alma values came only from roleless CPHOF metadata.","Validation correctly expected education review for an accepted public profile but the source parser had no legitimate degree row to select after directory metadata was demoted.","Added IITU student history from the university's official rector report and Harbour.Space Bachelor in Computer Science from its official ICPC team biography.","Missing-alma validation remains strict for accepted profiles; when a profile omits education, independent institutional evidence must supply enrollment or credential wording rather than re-promoting contest metadata.","https://iitu.edu.kz/documents/2982/Rectors_Report_on_the_results_of_2022-2023.pdf;https://harbour.space/news/articles/1st-of-europe-and-4th-in-the-world-in-top-programming-contest",resolved,2026-08-12
structured-namesake-alma-contamination,kaz-32bc606217ec,Aruzhan Amanbayeva,full_structured_affiliation_scan,high,"Three agricultural degree rows from an exact-name ORCID were displayed as the Olympiad alumna's alma maters despite her independently sourced MIT-to-EPFL computer-science timeline.","The structured-source scorer promoted an exact-name ORCID from Kazakhstan context and a superficially plausible age without comparing its degree chronology against the accepted public profile; downstream affiliation selection then treated every probable ORCID education row as belonging to the same person.","Rejected ORCID 0009-0009-3827-8634 for the Olympiad alumna and retained only her sourced MIT mathematics degree and EPFL computer-science PhD.","Validation now rejects a selected structured-source alma mater when it overlaps a separately trusted selected degree at a different normalized institution for at least two years, unless the structured institution itself has trusted corroboration.","https://orcid.org/0009-0009-3827-8634;https://people.epfl.ch/aruzhan.amanbayeva;https://linkedin.com/in/aaruzhan;https://kz.linkedin.com/in/aruzhan-amanbayeva-9034b229a",resolved,2026-08-12
career-alias-search-recall,kaz-863407f79649,Arman Yesenamanov,full_unresolved_profile_pass,high,"Arman's current Deep Infra role and KBTU degree were missing even though his Olympiad-linked competitive-programming identity and public career profiles were available.","The canonical registry contained only the IOI spelling Yesenamanov, while CPHOF, Codeforces, ICPC, and the career profiles use Yessenamanov. Exa could not promote the spelling variant through the exact-name gate, and the first repair then trusted LinkedIn's stale Yandex current marker without reconciling the newer linked GitHub employer field.","Added the Yessenamanov alias, recovered the 2008-2012 KBTU degree, and published Deep Infra after the exact-handle GitHub profile's June 2026 @deepinfra update and July 2026 organization-repository activity superseded Yandex. No current country is inferred because the newer role has no sourced location.","Reviewed aliases now feed Exa's exact-name gate, and every newly recovered destination is cross-checked against live linked developer profiles before publication; a newer employer field plus organization activity supersedes an older contradictory profile snapshot.","https://cphof.org/profile/topcoder:army;https://codeforces.com/profile/rmn;https://kz.linkedin.com/in/yesenarman;https://github.com/yesenarman",resolved,2026-08-12
handle-alias-profile-freshness,kaz-88a74ae3e050,Nurlan Zhussipov,full_unresolved_profile_pass,high,"Nurlan remained history-only at KBTU even though his exact competitive-programming handle led to a public profile and newer Japan employer trail.","The registry contained only the IOI spelling Zhussipov while his KBTU, GitHub, LinkedIn, and work-domain records use Zhussupov. The initial Exa query therefore missed the exact profile, and the first downstream pass stopped at roleless competition-directory metadata instead of inspecting handle-linked commit identity and chronology.","Added the Zhussupov alias, recovered the exact LinkedIn profile and official KBTU enrollment, retained Codebusters and Mercari as history, and published Woven by Toyota from the newer full-name work-domain commit. Tokyo is used only because the exact-name LinkedIn directory location agrees with the newer Japan employer trail.","Alias-aware Exa searches now run after the registry is rebuilt, and unresolved exact-handle GitHub accounts are checked for self-authored sites, organization activity, and work-domain chronology before accepting stale profile current markers.","https://cphof.org/profile/topcoder:NurlashKO_TC;https://github.com/NurlashKO;https://kz.linkedin.com/in/nurlan-zhussupov-634baa45;https://github.com/NurlashKO/blog/commit/96b521a0bdba07f8e90a6c0c74c5206c84ee7247.patch;https://startup.kbtu.kz/results.php;https://cz.linkedin.com/pub/dir/?first=&last=Zhussipov&search=Search",resolved,2026-08-12
cross-employer-title-location-leak,kaz-863407f79649,Arman Yesenamanov,full_country_reconciliation,high,"Arman's superseded Yandex role location was published as if it belonged to his newer Deep Infra destination.","The location matcher fell back to a generic title-only match after two explicit employer names disagreed. Because both roles said Software Engineer, it attached Yandex's Almaty location to Deep Infra and generated a false source explanation.","Changed current-role matching so an explicit employer disagreement cannot be bridged by title similarity and removed Arman's unsupported country. Employer-less source blocks can still use a matching title.","A regression test reproduces the Yandex-to-Deep-Infra case, while the full country build now leaves the destination country blank when the newer role source has no location.","https://kz.linkedin.com/in/yesenarman;https://github.com/yesenarman",resolved,2026-08-12
competitive-handle-punctuation-gap,kaz-a2f029eab00c,Amir Tulegenov,full_unresolved_profile_pass,medium,"Amir remained without a destination even though the structured collector had found his exact-name GitHub account and its Xperience AI work-domain OpenCV commits.","CPHOF exposed the Topcoder handle amir.tu while GitHub uses amirtu. The structured identity scorer retained the exact-name GitHub account as a candidate but did not surface punctuation-collapsed handle equivalence for manual review, so downstream destination selection ignored the dated affiliation already present in history.","Cross-checked the handle against an independent 2017 IPSC roster and the GitHub account's full-name email chronology, then published the 2021 Xperience AI OpenCV contribution as a probable historical destination with no inferred country.","Unresolved profiles with an accepted competitive-programming identity and an exact-name developer account are now reviewed for punctuation-only handle variants before name-only candidates are deferred; regression coverage keeps the bounded destination and unknown country semantics.","https://cphof.org/profile/topcoder:amir.tu;https://ipsc.ksp.sk/2017/teams;https://github.com/amirtu;https://github.com/opencv/opencv/commit/cbb230fdfc0223a33cf2629963fe0253b91ca3eb",resolved,2026-08-12
headline-dated-experience-precedence,kaz-bcd45c045c97,Kairat Zhubayev,second_random_sample,high,"Kairat's destination was Altyn Bank even though the same accepted profile explicitly dates an Otbasy Bank role from January 2019 to present.","The manual reconciliation treated a profile headline as coequal with the structured experience chronology and resolved the conflict in favor of the headline. The Altyn Bank company block had no role or dates, while the Otbasy row supplied employer, title, start date, current marker, and location.","Selected Otbasy Bank and its explicit budget-planning title as the current destination, retained Altyn Bank only as undated historical headline evidence, and tied Kazakhstan to the selected Otbasy role's Almaty location.","When a profile headline conflicts with a detailed current experience row, the dated row takes precedence unless a newer independent source explicitly supports the headline. A regression test preserves this ordering and prevents both employers from remaining current.","https://linkedin.com/in/kairat-zhubayev-150785174",resolved,2026-08-12
authoritative-biography-education-ingestion-gap,"kaz-49f853356dc6;kaz-ec29db418566;kaz-6fa4b627983f","Yevgeni Yakovlev;Yelzhas Otynshiyev;Gabit Bekakhmetov",second_random_sample,medium,"Three sampled people had empty alma-mater fields even though their accepted academic or institutional biographies explicitly stated their universities.","The affiliation builder automatically parses accepted LinkedIn and structured profiles, but destination evidence from academic CVs, annual reports, and institutional biographies is claim-specific and requires reviewed affiliation rows. Earlier destination review stopped after occupation verification.","Added Yakovlev's Moscow State, New Economic School, and UC Berkeley degrees; Otynshiyev's two MIPT credentials; and Bekakhmetov's Oxford and Duke graduate affiliations without inventing missing dates or degree names.","Random review now compares every accepted non-LinkedIn biography against both career and education output. Regression coverage requires all explicitly stated institutions while keeping unspecified credentials and dates narrow.","https://www.nes.ru/files/CV/2025/Evgeny-Yakovlev-CV-2025.pdf;https://www.kazatomprom.kz/storage/cb/eng_kap_ar2024_07_14.pdf;https://mnu.kz/en/news/gabit-bekakhmetov-joins-the-board-of-trustees-of-mnu/",resolved,2026-08-12
lossy-linkedin-snippet-affiliation-contamination,"kaz-0606abc1583b;kaz-8c9c1b2b81a6","Shirali Kadyrov;Mikhail Okhin",second_random_sample,high,"A truncated LinkedIn search highlight copied Shirali's 2018-2020 Associate Professor dates onto a roleless SDU education row, while Mikhail's complete undated master's heading was not parsed from the hydrated profile.","The history builder treated lossy search highlights and complete hydrated profiles as equivalent inputs. A highlight without its Experience section marker made a grouped university employer look like education, while the trusted Education parser required dates and missed Mikhail's explicit undated degree heading.","Made complete hydrated or manually transcribed profiles supersede same-URL search snippets, retained snippets only when hydration is unavailable, and added a narrow trusted-section parser for explicit undated degree-at-institution headings. Shirali now has only Boğaziçi and Ohio State as alma maters; Mikhail retains East Kazakhstan Technical University.","Unit tests cover full-profile precedence, failed-hydration fallback, and undated degree headings. Dataset regressions assert both the retained legitimate degree and removal of the employment-derived false alma mater.","https://linkedin.com/in/shirali-kadyrov-0731b6217;https://linkedin.com/in/mikhail-okhin-109129148",resolved,2026-08-12
multi-office-employer-country-overreach,kaz-6fa4b627983f,Gabit Bekakhmetov,second_random_sample,high,"Gabit was assigned Kazakhstan because Paradigm Shift's team page names him managing partner and lists an Astana address.","The same organization page also lists a Cambridge, United Kingdom address and gives no person-specific office, role location, or residence. The override treated one of several company offices as the person's country.","Removed the Kazakhstan label while retaining the sourced Paradigm Shift role and Oxford and Duke education. Country remains unknown until person-specific current-role evidence is available.","Current-role country overrides from organization pages now require either a single relevant office or an explicit person-to-office link; multi-office contact pages alone are insufficient. A dataset regression keeps Gabit's country blank.","https://www.paradigms.kz/en",resolved,2026-08-12
experience-specialist-alma-contamination,kaz-5354c12725ae,Dulat Azhibek,third_random_sample,high,"Dulat's short Specialist and Acting Dean jobs at Astana Medical University were classified as education, causing the employer to appear as an alma mater.","The experience parser treated the ambiguous English title Specialist as a degree term and treated School inside Acting Dean of Research School as an education signal even though both rows were nested under LinkedIn's Experience section.","Reclassified both Astana Medical University rows as employment and removed the institution from Dulat's alma-mater list; his sourced Moscow State degrees remain.","Bare Specialist and dean titles are now strong employment roles unless explicit degree or student wording says otherwise; a grouped-university Experience regression test covers both cases.","https://linkedin.com/in/dulat-azhibek-31417557",resolved,2026-08-13
result-sheet-name-order-display,"kaz-845e316f4e10;kaz-ef33110ee8b0;kaz-8b03ffcc0625;kaz-a875a18e20f1;kaz-f02da7099fac;kaz-f648d0d6bf6d;kaz-2c17c88cc511;kaz-c444a5fa2a99;kaz-b48f403765ac;kaz-7b9ddf320af6","Aibek Umbetalin;Zhassulan Binazar;Yerkebulan Kambarov;Aknazar Kazhymurat;Aidyn Kemeldinov;Angsar Manatuly;Maxim Mukashev;Arman Shaninov;Viktor Sossin;Talgat Sailov",full_name_normalization_scan,medium,"Ten canonical display names retained surname-first result-sheet order despite accepted self-authored profiles using normal given-name order.","The people registry preserved the first participant spelling as canonical after token-order deduplication and had only one explicit display-order override.","Published the accepted profile order for all ten people while preserving every result-sheet form as a searchable alias and retaining the same person IDs.","A reviewed canonical-name override map now handles deterministic source-order reversals; regression coverage verifies that the display name changes without dropping the original alias.","https://linkedin.com/in/yerkebulan-kambarov-b32aa160;https://linkedin.com/in/aidynkemeldinov;https://linkedin.com/in/angsar-manatuly-7409bb2b9;https://linkedin.com/in/maxim-mukashev-73a18827;https://linkedin.com/in/viktorsossin",resolved,2026-08-13
sample-source-link-rot,"kaz-8b03ffcc0625;kaz-49f853356dc6;kaz-66f479eb4560","Yerkebulan Kambarov;Yevgeni Yakovlev;Aidos Kuatov",third_random_sample,medium,"Three sampled claims pointed to pages that now return 404: a portfolio, an old university staff route, and a moved campus-directions page.","Source URLs were checked when claims were first reviewed but were not rechecked during later profile-sanity rounds, even when the same claim already had a live accepted source.","Repointed Kambarov's role and degree to his already accepted profile, Yakovlev's location to his current academic site, and Kuatov's location to his accepted active-PhD profile. No new published URL was introduced.","Each random review round now includes an HTTP health pass over every non-LinkedIn sample source and prefers an already accepted live source when a claim-equivalent URL has rotted.","https://linkedin.com/in/yerkebulan-kambarov-b32aa160;https://sites.google.com/nes.ru/evgenyyakovlev/home;https://www.linkedin.com/in/aidoskuatov",resolved,2026-08-13
